IdOrden,puntaje,titulo,mensaje,review_positiva
147671,4,,,
159283,5,,,
153253,5,,,
106278,5,,Recib√≠ mucho antes de la fecha l√≠mite.,1.0
154849,5,,Felicitaciones a las tiendas Lannister Me encant√≥ comprar Internet Felicitaciones seguras y pr√°cticas a todos los felices Pascua de Pascua,1.0
168004,1,,,
114847,5,,,
194814,5,,,
108876,5,,,
177136,4,recomiendo,"Aparato eficiente. En el sitio, la marca del dispositivo se imprime como 3desinfector y cuando llega con otro nombre ... actualice con la marca correcta ya que es el mismo dispositivo",1.0
142755,5,,,
141184,5,,,
155311,4,,"Pero un poco, bloquear ... porque el valor es bueno.
",1.0
164505,4,,,
107253,3,,,
178524,5,Super recomendaci√≥n,"Vendedor confiable, producto OK y entrega antes de la fecha l√≠mite.",1.0
143910,2,,"Me gustar√≠a saber lo que pas√≥, siempre recib√≠ y esta compra ahora me dec√≠a",0.0
164347,5,,,
126084,3,,,
193926,1,Mi producto no lleg√≥,Horrible,0.0
125052,4,,,
159022,5,,,
187356,5,Excelente,Nota 10 tienda,1.0
122789,5,,,
135738,5,,Gracias por el atento amim despedido,1.0
113288,5,,,
130348,4,,,
163482,5,,"La compra se realiz√≥ f√°cilmente.
La entrega se realiz√≥ mucho antes de la fecha l√≠mite.
El producto ya ha comenzado a usarse e incluso el presente,
sin problemas.",1.0
161784,5,,Reloj muy hermoso y barato.,1.0
136341,1,,No me gust√≥ ! Compr√© gato por liebre,0.0
147690,5,,,
115721,5,,,
163048,1,,"Compre siempre a trav√©s de Internet y la entrega ocurre antes de la fecha l√≠mite acordada, que creo que es la fecha l√≠mite m√°xima. En Stark, el plazo m√°ximo ya se ha agotado y no ha recibido el producto.",0.0
196753,5,,,
178475,4,Muy bien.,"Recib√≠ exactamente lo que esperaba. Los otros pedidos de otros vendedores se retrasaron, pero llegaron a tiempo.",1.0
122761,5,,,
180609,5,Bien,"Recomiendo ,",1.0
162354,5,,muy buena,1.0
191968,5,¬°Maravilloso!,"¬°Estoy completamente enamorado, una tienda s√∫per responsable y confiable!",1.0
104219,1,,No hay orden para llegar.,0.0
171967,2,,,
146302,1,,,
138452,5,,,
182290,5,Entrega perfecta,Muy bien. Muy buen aroma.,1.0
158757,5,,,
159795,4,,,
148992,5,,,
108719,5,,"El gran vendedor lleg√≥ antes de la fecha l√≠mite, me encant√≥ el producto.",1.0
125088,5,,,
167896,5,,Proceso de compra tranquilo y eficiente.,1.0
108849,5,,Espero que dure porque es del cabello.,1.0
147393,1,,"Recib√≠ solo 1 estilo de control de Midea de control.
Control remoto perdido para el c√≥nsul de aire acondicionado",0.0
188389,5,,,
172525,5,√ìtimo,,1.0
139635,5,,,
104209,5,,bien,1.0
173439,3,,,
128162,3,,,
176912,4,,,
188314,5,Muy hermoso,Muy hermoso,1.0
165416,5,,,
110857,5,,"Todo ocurri√≥ como contratado siendo la entrega realizada antes de la fecha l√≠mite
 Estoy satisfecho
",1.0
168812,5,,"Me encant√≥, lo encontr√© hermoso, muy delicado, me encant√≥",1.0
154172,5,,,
166656,4,,"Gran tienda de asociaci√≥n: ¬°productos muy r√°pidos, bien empaquetados y de calidad! Solo el costo de la carga que era un poco agrio.",1.0
153812,5,,,
178037,5,,,
195283,5,¬°Gran producto!,Recomiendo al vendedor ...,1.0
100117,1,,"El producto no lleg√≥ dentro del tiempo estipulado y caus√≥ inconvenientes, porque program√© el viaje de vacaciones de mi hijo, seg√∫n el tiempo. Vivo en Bah√≠a y √©l solo en Cuiab√°. Ahora la casa est√° vac√≠a.",0.0
118096,5,,"Producto entregado seg√∫n lo solicitado, y muy brevemente. ¬°Felicidades!
",1.0
187297,3,,,
163342,5,,,
147810,4,,,
131440,3,,"Compr√© dos unidades y solo recib√≠ una y ahora, ¬øqu√© hago?",1.0
198980,5,,,
148374,3,,"Buen producto, pero lo que me vino no coincide con la foto del anuncio.",1.0
184487,1,,"Producto mucho m√°s bajo, mal terminado.",0.0
115889,5,,,
182168,4,,,
182018,5,¬°Siempre lo recomiendo!,¬°La mochila Kit Cane Patrol es hermosa! ¬°Mi nieto amar√°! ¬°¬°Gracias!!,1.0
118594,5,,Preguntarse,1.0
143253,5,,,
167341,5,,,
104923,4,,,
156543,5,,,
175586,5,,,
168920,5,,,
103734,3,,Entrega a tiempo,1.0
143490,5,,Cumpli√≥ lo prometido en la compra y con una entrega satisfactoria,1.0
155787,1,,Ped√≠ reembolso y sin respuesta hasta ahora,0.0
175381,5,***** Recomiendo,S√∫per r√°pido.,1.0
156676,1,,,
164780,5,,,
190770,5,,,
152435,2,,,
117404,5,,,
137805,5,,,
114647,5,,,
162915,3,,,
128790,5,,,
133240,5,,"Satisfecho
",1.0
137433,4,,,
139548,4,,,
113505,5,,"son de parabenos ... siempre llega con mucha prioridad.

Muchas gracias....",1.0
192408,3,N√£o recebi o produto.,,1.0
182505,5,,,
166672,1,,,
174822,5,,,
176353,5,EXCELENTE,"Ok, lo recomiendo",1.0
150484,5,,,
146519,3,,"El producto ha llegado, pero mi PC no pudo reconocer los puertos USB.",1.0
142070,5,,"Producto de muy buena calidad, lleg√≥ antes de la fecha l√≠mite prometida",1.0
129769,5,,,
192255,5,,,
161133,5,,,
144128,1,,"Esta fue la solicitud
Cubo con 128 piezas - bloques de montaje 2 un - r $ 25,00 cada uno (no entregado)
Targaryen vendido y entregado
Eva alfombra n¬∫ letras 36 piezas ni√±os 1 un - r $ 35,90 (esto fue",0.0
121804,5,,"Entrega muy rapida
Felicidades",1.0
130019,5,,,
143154,5,,,
130933,1,,Compr√© tres paquetes de cinco hojas de transferencia de papel a la tela oscura y solo recib√≠ dos,0.0
183560,4,,,
139572,4,,"Solo faltaba un producto, recib√≠ hoy, ¬°gracias!
¬°Todo cierto!

Atalotes

Elenicio.",1.0
131156,1,,,
187682,4,,,
117516,5,,,
193889,4,,,
122983,5,,,
146790,5,,"La bolsa t√©rmica adem√°s hermosa es s√∫per espaciosa. Producto Seg√∫n el anuncio y la entrega s√∫per r√°pida, entregada mucho antes de la fecha l√≠mite.",1.0
135841,2,,Tom√≥ demasiado tiempo la entrega,0.0
142759,5,,,
130286,5,,Entrega s√∫per r√°pida ... lleg√≥ antes de la fecha ...,1.0
148234,3,Entrega retrasada,La entrega se dividi√≥ en dos. No hubo una declaraci√≥n de la tienda. Incluso pens√© que solo hab√≠an enviado parte del producto.,1.0
125047,1,,No funciona no hace tiempo,0.0
100200,5,,Recomiendo a todos los clientes,1.0
127573,4,,,
124524,3,,me gust√≥,1.0
113183,5,,,
167761,5,,,
198490,3,,,
149487,3,,,
164312,5,,,
158555,5,,,
165370,5,,EXCELENTE,1.0
111172,5,,"Realmente me gust√≥ el juego de ba√±o. El estampado florido, el bordado, todo muy hermoso. Gran producto.",1.0
110652,4,,,
121062,1,,"Solo lleg√≥ una pieza, pero en la nota y la garant√≠a hay joyas.",0.0
175830,5,,,
133567,3,,,
118270,4,,,
146970,1,,No recib√≠ el producto y est√° en el sistema que recib√≠ adem√°s de pagar el querido flete,0.0
162297,1,,"Compr√© el reloj, Unisex y envi√© un reloj de mujer, mucho m√°s peque√±o que las especificaciones de AD.",0.0
158938,5,,Siempre compro en lannister.pra me es la mejor tienda en l√≠nea,1.0
100537,5,,Producto de excelente calidad,1.0
128743,5,,,
183498,1,,,
170914,5,,,
125583,2,,,
143908,5,,,
143040,4,,,
123528,5,,Gran costo-beneficio,1.0
132882,5,,DE ACUERDO,1.0
136152,5,,,
140718,3,,,
166829,5,muy buena,Me gust√≥ la atenci√≥n con la entrega,1.0
191722,5,,,
196796,5,,,
170574,4,4," Si fuera el vidrio se hubiera roto; Entr√≥ en la caja sin ninguna protecci√≥n en el interior, la caja estaba muy pur√©. Lo siento .. pero me gusta comprarte
.",1.0
174346,1,Promedio,La pieza no sirvi√≥,0.0
158780,1,,Compr√© el producto el 25 de febrero y hoy Marzo 29 no hab√≠a sido entregado a mi residencia. No s√© si la oficina de correos de este Brasil es mala o fue la tienda en s√≠ la que tard√≥ el tiempo en publicar.,0.0
101302,1,,"Hice mi compra hace 30 d√≠as y a√∫n no he recibido mi producto.
Necesitas mejorar las entregas",0.0
195762,5,fecha l√≠mite,"Espero recibir esta semana, lo que no ser√≠a tan extravagante, pero ... m√°s tarde que eso me har√≠a renunciar a Baratheon.",1.0
183713,3,,,
116893,5,,,
169791,5,,,
111684,5,,"Entregado a tiempo, estaba contento con la compra que hice",1.0
156767,5,,,
115422,4,,,
174234,5,,,
110879,5,,Hermoso reloj me encant√≥,1.0
173906,5,,,
157486,3,,"Compr√© dos candelabros pendientes, con su compa√±ero Targaryen y solo me envi√© una l√°mpara de ara√±a. Abr√≠ una queja, pero a√∫n no he recibido una respuesta. Espero la soluci√≥n de las tiendas Lannister.",1.0
163338,5,,,
187428,3,,,
186469,4,,,
179874,4,,,
185127,5,Super producto,Muy buena calidad de alta calidad!,1.0
106476,1,,,
199077,4,,,
167036,5,,"Hermoso producto, entrega bien valorado y a tiempo. ¬°Recomiendo!",1.0
154433,5,,Muy bien,1.0
177770,1,Falta de productos y roturas,Perdido 1 producto y aquellos que recib√≠ 1 vino roto,0.0
185716,5,Super recomendaci√≥n,"¬°Ha llegado a tiempo y el producto es de excelente calidad! El dolor de espalda ha terminado, ¬°estoy durmiendo muy bien!",1.0
119475,4,,,
189785,4,,,
127852,4,,,
150839,5,,,
122911,3,,,
184927,1,A√∫n no recibido,Aqu√≠ se describe como entregado solo que hasta ahora no he recibido,0.0
100069,5,,"Creo que rastrear el producto deber√≠a ser mejor y m√°s preciso, pero en general fue una gran experiencia.",1.0
132636,5,,A√∫n no he tenido la oportunidad de probar,1.0
159521,5,,,
171322,3,recomiendo,Empec√© a usar ahora,1.0
138418,5,,,
164091,5,,,
109917,5,,Nada que declarar,1.0
106054,4,,,
101809,5,,,
173164,3,NOTA 3,"Compre un producto correcto en la portada pero es interno de otro. ???????
",1.0
166266,5,,,
161395,5,,,
137716,3,,Entrega s√∫per r√°pida,1.0
178787,5,,,
177443,3,Suspenso,Hice una solicitud de 4 botellas de aceite de oliva. Eran 2 en un d√≠a y los otros 2 casi 48 horas despu√©s.,1.0
159091,5,,"El producto lleg√≥ muy r√°pido y de buena calidad, recomiendo el producto.",1.0
148837,3,,,
127236,5,,,
187928,5,,,
192211,1,,,
149816,3,,,
187171,5,,,
175513,5,Entrega antes do previsto,,1.0
139050,1,,"¬°No puedo! ¬°Estoy esperando la llegada del producto que compr√©! Tan pronto como esto suceda, ¬°me formar√° mi opini√≥n!",0.0
151291,1,,,
107010,1,,Compr√© dos productos y recib√≠ solo uno. Envi√© dos correos electr√≥nicos a la tienda y no tuve retorno. Estoy insatisfecho.,0.0
109872,5,,,
182619,5,Recomendo,,1.0
119314,5,,,
150029,3,,No recomendar√≠a esta tienda o tengo la intenci√≥n de volver a comprarla. Los productos fueron entregados despu√©s de la fecha l√≠mite y casi 1 mes despu√©s de la compra. En el sitio web de Lannister generalmente llegan antes de la fecha l√≠mite. Me sorprendi√≥ mucho,1.0
197045,5,Arriba,recomiendo,1.0
155066,4,,Conoc√≠ mis expectativas.,1.0
121636,5,,Entrega antes de la fecha l√≠mite. Producto muy pr√°ctico y f√°cil de manejar.,1.0
194008,4,,,
186574,5,,,
144146,3,,,
129290,4,,,
169125,5,,"Un gran producto simplemente no fue manual, pero no hay problema.",1.0
168787,4,,"Una de las piezas no encajaba, estaba en un di√°metro diferente. Tuve que ver y martillo para poder encajar y encajar.
De lo contrario, todo bien.",1.0
150655,5,,Excelente producto.,1.0
122661,5,,Todo cierto,1.0
100013,1,,"Retraso en la entrega, odi√© el servicio y nunca vuelva a comprar. Baratheon Cuando vend√≠ por s√≠ mismos era mucho mejor!",0.0
193829,5,,Producto muy bueno,1.0
160559,1,,Mi producto no ha llegado ... seg√∫n la proyecci√≥n se detiene en Ribeir√£o Preto sp ...,0.0
190808,1,,Producto defectuoso en la primera vez de uso.,0.0
110924,5,,,
186119,5,presentacion de producto,Super Recomendar Producto profesional de calidad,1.0
156761,1,,Hasta ahora no he recibido el producto.,0.0
194807,5,,,
189919,5,,,
197699,1,, La tienda anuncia un producto y ofrece otro.,0.0
196079,5,Super recanto,Muy bien y r√°pido cuando vi que ya hab√≠a llegado,1.0
151264,5,,,
134663,5,,El producto lleg√≥ muy bien,1.0
127379,5,,excelente,1.0
181708,3,Cometido en la caja ac√∫stica,"Aunque se entreg√≥ r√°pidamente, reemplazaron la caja de meteoritos con la caja nacida. Cuando intent√© quejarme en Lannister, el sistema est√° fuera del aire. La guitarra y los accesorios eran correctos.",1.0
138126,5,,Muy satisfecho,1.0
122890,4,,Felicitaciones a la tienda y al revendedor a pesar de tomar un tiempo,1.0
113088,5,,,
170458,5,Gran compra,Entregado a tiempo y con un buen per√≠odo de validez.,1.0
146074,5,,"El juego de toallas es m√°s hermoso que en la imagen, me encant√≥.",1.0
160288,1,,El producto se entreg√≥ con una de las manijas con problemas (falta 1 Pin faltante),0.0
157314,5,,,
134042,2,,,
153838,2,,"El 14/02 estaba programado para entregar el pedido y en la detecci√≥n marc√≥ que el producto ya hab√≠a sido entregado en la fecha, pero de hecho no se entreg√≥. El producto solo se entreg√≥ el 28/02.",0.0
110937,2,,La tienda m√°s all√° del env√≠o es muy costosa. El producto tarda casi 30 d√≠as h√°biles para llegar a su hogar,0.0
182560,5,,,
154405,5,,,
168680,5,,,
112428,1,,"Recib√≠ muy r√°pido, pero vino otro producto, no lo que ped√≠, el modelo fue diferente, el color, fue un caso que no tiene cremallera, finalmente, no lo recomiendo.",0.0
150509,5,,,
196645,5,,,
104053,5,,,
198593,5,,,
110969,5,,Siempre lo compr√© en Stark y estoy satisfecho.,1.0
135442,5,,Hice la compra por mesa y gracias a Dios todo funcion√≥ en que puedo estar muy agradecido puede confiar.,1.0
128343,4,,,
119131,4,,,
192783,1,Horrible,"Cancel√© mi compra un d√≠a antes de la entrega, llam√© a Lannister y los asistentes no sab√≠an lo que estaba pasando, un desastre, ahora estoy esperando ver si se le cobrar√°",0.0
171396,5,,,
155795,5,,,
179444,5,Super recomendaci√≥n,Producto de calidad y eficiencia en la entrega. Recib√≠ mucho antes de lo acordado. recomiendo,1.0
181138,5,,,
190162,5,Muy bien.,El buen producto se produjo dentro de la fecha l√≠mite que lleg√≥ en 08 d√≠as deben ser felicitados.,1.0
180043,5,,,
184263,5,,,
179220,5,,,
167762,5,,,
142438,5,,,
192846,4,,,
115629,5,,"Todo est√° bien, Baratheon siempre responsable con sus entregas.",1.0
159477,5,,,
113714,1,,,
175294,5,,,
114016,1,,El acabado que estaba en la imagen fue hermoso que lleg√≥ fue un sint√©tico feo con un aletable completamente desconcertado que no me gust√≥,0.0
135911,5,,,
153476,4,,,
158216,3,,,
150051,1,,"Y muy desordenado compr√≥ tres productos, pero no lleg√≥ el d√≠a en que Sert√µes lleg√≥ por separado y en una fecha separada",0.0
124851,5,,A,1.0
193134,5,excelente,entrega r√°pida,1.0
175271,4,,,
108475,4,,fue bueno,1.0
154361,5,,Mercanc√≠a derecha entregada dentro de la fecha l√≠mite acordada. Agradecido,1.0
142898,3,,,
135440,1,,", Muy malo !",0.0
107419,1,,,
150511,1,,Ha pasado los d√≠as esperados.,0.0
170868,5,,,
143747,5,,,
138198,4,,,
141884,5,,,
182588,4,,,
163647,3,,Al comprar el que entend√≠ que recibir√≠a 2 botellas de 60 c√°psulas (cada una) y no 2 frascos con 60 c√°psulas en total. Simplemente no lo devolver√© porque necesito el producto.,1.0
116507,4,,,
195489,5,,Entrega mucho antes de la fecha l√≠mite perfecta !!,1.0
179529,5,10,¬øCada vez que compro m√°s estoy satisfecho con la honestidad con sus clientes?,1.0
145003,5,,,
148751,5,,,
162638,3,,,
169533,1,,,
128797,5,,entrega muy r√°pida y es bueno comprar contigo,1.0
171093,1,,Producto No recomiendo no leer en ning√∫n dispositivo,0.0
109246,4,,"Entrega s√∫per r√°pida, ¬°felicidades!",1.0
156054,5,,,
193179,5,,,
194435,4,recomiendo,Todo r√°pido y eficiente.,1.0
139351,4,,,
127195,4,,,
173933,5,Muy bien,Maravillosa crema y entrega s√∫per r√°pida,1.0
167387,5,,,
124086,5,,,
157811,1,,"Tratando de cancelar el producto desde antes de que se emita la factura. No me advirtieron que estaba por correo, no ten√≠a respuesta de la cancelaci√≥n y no puedo regresar.",0.0
161974,4,,"Lleg√≥ hoy
sin comentarios",1.0
197487,1,Lamenetable ...,"Buenas noches

Es lamentable, esta tienda que tantas compras ya he realizado y hoy no me doy una satisfacci√≥n de un reloj en la importancia de 50.00 reais ... un producto defectuoso y hasta ahora no me ha dado regreso",0.0
195581,5,,,
131776,5,,,
138659,5,,¬°Muy bien! ¬°Lo que esperaba!,1.0
174026,2,¬°Mala calidad!,La cubierta protectora no es exactamente lo que esperaba que se desearan en el tipo de material y la calidad.,0.0
133947,3,,,
141341,3,,,
151392,5,,,
122577,5,,,
187102,3,Insatisfecho,"En el sitio, el producto parece tener una mejor calidad de material y acabado.",1.0
133862,5,,,
168243,5,,,
156389,5,,,
190640,5,mega recomendaci√≥n,"Recib√≠ mi producto correctamente y a tiempo, revisando en la caja todo es correcto, pero no he configurado. Hermoso producto, color perfecto, nos encanta.
Super Recomendar.",1.0
143543,3,,"El embalaje que quedaba por desear, el producto estaba por estrechamente da√±ado, la caja estaba arrugada.",1.0
186275,5,EXCELENTE PRODUCTO,Felicitaciones. Producto entregado mucho antes de la fecha l√≠mite.,1.0
107604,5,,Recomiendo.,1.0
156078,3,,Los cables y el manual se perdieron,1.0
129857,5,,,
106485,1,,,
150709,5,,,
146911,4,,,
122643,5,,Great lleg√≥ mucho antes de la fecha l√≠mite.,1.0
115288,5,,,
107911,3,,,
102918,5,,,
127360,5,,Entregado dentro del muy buen tiempo de producto.,1.0
160564,5,,,
117282,5,,,
103710,2,,"El producto estaba lleno de papel marr√≥n solo en el embalaje y enviado por la oficina de correos. Por supuesto, el empaque ha llegado amasado y solo Dios sabe si el producto funciona o no, a√∫n no lo he probado.",0.0
120539,4,,,
115449,5,,Creo que deber√≠an enviar por Sedex en lugar de PAC,1.0
157409,1,,"La √∫ltima vez que lo compre porque hoy har√° 1 mes que hice para comprar y nada, y si lleva tiempo entregar, buscar√© mis derechos contra las tiendas Lannister y Targaryen.",0.0
115636,5,,,
119265,5,,,
197705,5,,,
125069,5,,,
162248,5,,Hermosa ... solo las instrucciones perdidas para el cambio de pulseras.,1.0
173897,4,,,
103223,5,,,
165941,5,,"Producto exactamente como se describe.
¬°Lleg√≥ mucho antes de la fecha l√≠mite!",1.0
146628,4,,,
182104,5,,,
174872,5,,,
145164,5,,,
183104,5,,,
123938,5,,,
117146,5,,"El producto lleg√≥ mucho antes de la fecha l√≠mite, ¬°me encant√≥ el servicio! Super recomendaci√≥n",1.0
126219,1,,"No me gust√≥ el producto, el material de mala calidad.",0.0
145735,1,,"De los dos productos comprados, ¬°solo uno fue entregado!",0.0
148419,1,,"No compro m√°s en Lannister. Si eres el compa√±ero de Lannister o no, este Targaryen nunca volver√° a usar. Cuando le√≠ que es de esta compa√±√≠a que ejecuto. Un absurdo. Casi un mes para entregar. Extra.com ok",0.0
103842,3,,Recib√≠ el producto correctamente,1.0
124401,5,,,
185685,5,,,
183013,5,,,
129441,5,,,
116918,5,,,
159209,5,,"Recib√≠ el producto dentro de la fecha l√≠mite informada, a√∫n no lo he usado.",1.0
184307,5,,,
173031,4,recomiendo,"La orden lleg√≥ antes de lo acordado, muy bueno.",1.0
122603,4,,Producto entregado como se anunci√≥.,1.0
152294,5,,,
164966,3,Sin entrega de productos,¬°Recibe solo 01 parte del producto! ¬°Necesito las 2 piezas restantes!,1.0
131926,5,,Almacenar 10,1.0
112847,4,,"La guitarra que compr√© es hermosa, pero el color de la pegatina no verifica con la foto de la Ley de compra, pero tom√©.",1.0
148594,4,,,
144446,1,,Ni hicieron la factura,0.0
158880,5,,"¬°Lleg√≥ antes de la fecha l√≠mite!
¬°Producto excelente!",1.0
135160,5,,,
173153,5,,,
123132,5,,,
194051,5,,,
185076,4,recomiendo,Trabajo con profesionalismo de las tiendas Lannister. Indico seguro,1.0
190707,5,,,
145833,5,,,
104448,3,,,
129678,1,,"El reproductor de MP3 no funciona, incluso cambiando la pila varias veces. Tuve que regresar.",0.0
120013,5,,¬°Super recomienda el producto que es muy bueno!,1.0
127719,5,,"Muy buena capacitaci√≥n, una de las mejores del mercado, si no la mejor.",1.0
114156,4,," La tienda public√≥ el producto y medi√≥ el correo tom√≥ un tiempo
",1.0
109559,5,,"Siempre compro en Stark y siempre estoy bien atendido, un sitio eficiente y productos de gran calidad, ¬°recomiendo a todos que compren con los ojos cerrados!",1.0
123625,4,,Muy bien desde que compre la entrega TD correcto y r√°pido,1.0
191149,5,Papel de mezcla de preses,¬°Todo bien!,1.0
175108,5,,,
194876,3,,,
100385,1,,,
135432,5,,,
140309,1,,Targaryen no es confiable no entreg√≥ mi compra y puso el seguimiento del pedido que se entreg√≥ el 14/12/17 Compa√±√≠a falsa. Quiero recibir mis productos que se pagaron con Bankari Ticket,0.0
123796,5,,Entrega de productos y calidad como se esperaba.,1.0
161732,5,,"Excelente, recomiendo",1.0
146869,3,,"La bolsa es muy hermosa por fuera
Pero por dentro no hay forro
Y es muy fr√°gil
",1.0
186751,1,,,
168007,5,,,
193205,4,,,
177606,1,Producto pirata!,"¬°Cuando instal√© el cartucho de tinta, mi impresora indic√≥ que estaba vac√≠a y present√≥ el mensaje de error! ""En el marcador de nivel de tinta. Ya solicit√© el intercambio"".",0.0
166581,4,,"Muy bien, recomiendo el producto.",1.0
107167,5,,,
189071,5,,,
172177,5,producto d√©bil,"En cuanto al sitio, no tengo nada que cuestionar! Siempre cumpla s√∫per combinado ... ¬°siempre lo recomiendo! Pero el producto es d√©bil ...",1.0
173613,4,,,
107752,4,,Bien en todos los aspectos,1.0
160513,4,,,
152468,3,,,
125594,5,,,
189021,3,,,
102271,3,,,
146404,5,,,
178063,4,,,
168245,5,,Hasta el d√≠a de hoy estoy satisfecho con sbmarino,1.0
134474,5,,,
126340,5,,,
117954,1,,Las dos cubiertas de cuero compradas no fueron entregadas. Solo uno de ellos. Espero el regreso del dinero o la entrega de la segunda portada.,0.0
126647,5,,,
140900,5,,¬°Me gust√≥!,1.0
167793,4,,,
184500,5,,,
131398,3,,,
144266,5,,,
136749,5,,,
104873,5,,,
168012,5,,,
117882,5,,,
171329,5,,,
186272,3,Nota 8,"Estaba feliz con. La tela, pero creo que faltaba la hoja de arriba para estar completa, espero que pronto se lance.",1.0
158738,5,,Lleg√≥ antes de que la fecha l√≠mite sea la cabecera es hermosa.,1.0
185011,4,,,
178269,5,,,
110093,3,,"Hubo cierta confusi√≥n entre el vendedor y Stark, ya que recib√≠ un correo electr√≥nico de Stark pidiendo la cancelaci√≥n del producto por cualquier entrega imprevista; Lo negu√© y recib√≠ el producto d√≠as despu√©s.",1.0
178983,3,,,
124494,4,,,
159896,5,,,
146755,5,,10,1.0
111805,5,,"Me gust√≥ que el producto lleg√≥ en el momento adecuado, los vendedores deben ser felicitados.",1.0
112381,3,,,
155483,4,,,
145521,5,,Recepci√≥n excelente,1.0
106718,4,,me gust√≥,1.0
152045,5,,,
162648,5,,,
109397,1,,El 19 de mayo us√© y el mango se rompi√≥ sin mucho peso,0.0
150037,5,,Toalla del mejor campe√≥n de Brasil maravilloso,1.0
170506,5,,"La entrega se realiz√≥ mucho antes de esperarse.
Buen producto ... estoy satisfecho",1.0
195387,1,,,
108114,5,,,
169531,5,,,
145276,5,,"Hasta ahora est√° bien, estoy esperando la entrega del producto",1.0
117862,5,,,
187789,5,¬°Todo cierto!,"La compra ocurri√≥ como se esperaba, desde el pedido hasta la recepci√≥n del producto. Muy bien a la derecha.",1.0
193324,5,,,
193987,5,,,
191848,5,,,
146806,5,,"El producto fue entregado antes de la fecha l√≠mite.
",1.0
120476,4,,,
165020,4,,,
104192,4,,"Realmente me gust√≥ que el producto fuera exactamente la boque que esperaba, entrega a tiempo, felicidades recomiendo la tienda.",1.0
131167,5,,,
104944,2,,Compr√© el producto negro y llegu√© en rojo.,0.0
178935,5,,,
108644,5,,,
196125,5,,,
147724,5,,"Esta es la segunda vez que compro en esta tienda, entrega r√°pida s√∫per eficiente y antes de la fecha l√≠mite contratada, producto bien empacado, nota 10
Muchas gracias",1.0
183030,4,recomiendo,"excelente
",1.0
151870,4,,,
172502,5,√ìtimo ,,1.0
196963,2,,Pens√© que la mochila era un material m√°s resistente.,0.0
169584,5,,,
138020,2,,,
154686,1,,"Compr√© un producto y vino otro.
Envi√© MSG informando el error pero no recib√≠ respuesta.
Gracias",0.0
125871,1,,,
157798,1,,¬°El producto tarda mucho en llegar!,0.0
169121,4,,,
102535,1,,,
181876,5,,,
159329,3,,"Solo recibimos un reloj

Atalotes
",1.0
162739,5,,,
167999,5,,,
106909,3,,,
120949,5,,,
102288,1,,,
105868,5,,"Entrega r√°pida, producto como se esperaba",1.0
175380,5,Excelente,Todo como se anunci√≥ ... gran producto ...,1.0
158304,3,,"Producto de buena calidad, exactamente como se anunci√≥, y el bajo precio es una atracci√≥n adicional.",1.0
138623,1,,Solo se entreg√≥ una unidad en lugar de dos.,0.0
107490,4,," Me encant√≥ el producto ;; Recib√≠ antes de la fecha l√≠mite acordada, fue muy hermosa",1.0
105775,5,,,
172160,5,¬°¬°perfecto!!,Muy satisfecho.,1.0
184388,4,Lol mascota,Excelente producto pero demasiado caro !!!,1.0
155620,5,,,
141778,5,,"Excelentes productos, entrega r√°pida.
Super Recomendar !!!",1.0
188692,4,bom,,1.0
146327,2,,"s√≠, recib√≠ m√°s con defectos, los accesorios son dos iguales y no cierran
",0.0
158105,4,,,
145455,5,,,
140123,1,,Todav√≠a no recib√≠,0.0
197720,5,Excelente,Tuve un excelente despu√©s de las ventas a trav√©s del Sr. Renato,1.0
191183,5,,,
159906,5,,"Realmente me gust√≥ el producto, la entrega lleg√≥ antes de la fecha l√≠mite. Lo recomiendo, est√° bien equipado en el tel√©fono, no toma la elegancia del dispositivo, como otras cubiertas que lo hacen monstruoso con el tama√±o.",1.0
172697,5,1000000,Muy bien,1.0
124685,1,,"Hasta ahora no he recibido este dispositivo para una pregunta de salud, por lo que no recomiendo esta tienda.",0.0
176848,5,,,
139182,4,,,
123423,5,,"Recomiendo a todos. Producto de gran calidad, entregado sin problemas.",1.0
134643,5,,,
188849,5,Gran costo x beneficio,El producto lleg√≥ a tiempo. Lleg√≥ como se describe y es excelente.,1.0
144013,5,,,
117802,4,,"¬°El producto lleg√≥ antes de la fecha l√≠mite, y me gust√≥ mucho! ¬°Ahora mi hijo de 3 a√±os disfrutar√° el m√°ximo!",1.0
159646,1,,"Me gustar√≠a saber cu√°ndo llegar√° mi producto.
Debido a que la fecha de entrega programada ha pasado, ¬°me gustar√≠a una respuesta que estoy esperando!",0.0
101213,4,,Nota 10 tienda,1.0
134600,5,,,
104167,5,,Felicidades. Lo recib√≠ antes de la fecha l√≠mite. Todo correcto como fue acordado.,1.0
168092,1,,"El producto entregado difiere del pedido
¬°Es un producto inferior!
¬°Me gustar√≠a que se resuelva el problema!
¬°No estoy satisfecho con el procedimiento!",0.0
177202,5,Bien,¬°Muy bueno!,1.0
143690,2,,"Compr√© el producto, pagado en el boleto y solo recib√≠ la mitad del producto, anunci√© que una cosa se env√≠a otra. Muy insatisfecho üò°üò°üò°",0.0
112578,5,,Entrega antes de la fecha l√≠mite de productos muy bien mantenida.,1.0
114300,5,,Producto de gran calidad. ¬°Me gust√≥!,1.0
108628,5,,,
116809,5,,,
193644,5,Excelente producto y entrega,"A pesar de la demora en la emisi√≥n de la factura, despu√©s de que se emiti√≥ la entrega fue r√°pida y el producto lleg√≥ bien empaquetado. Recomiendo.",1.0
107764,5,,,
158989,2,,Compr√© el d√≠a del producto a principios de marzo y no recib√≠ a tiempo apertura a un protocolo para resolver mi situaci√≥n.,0.0
168159,1,,"No recib√≠ el producto, as√≠ como ning√∫n contacto del.",0.0
115167,5,,,
187627,4,,,
117869,1,,Ni siquiera me muevo :(,0.0
167813,5,,nota 10,1.0
144015,3,,Esperando el instalador,1.0
126668,2,,"Compr√© un producto para ser entregado por esta tienda.
Y a√∫n no lo he recibido
Porque la fecha de entrega ya ha pasado",0.0
147727,5,,Gran servicio,1.0
120137,4,,"Gran compra. Gran producto. Solo me perd√≠ una declaraci√≥n entre la compra y la llegada del producto, solo contacto. Pero gracias.",1.0
147572,1,,"Lleg√≥ de acuerdo con las ventas posteriores, las ventas posteriores no respondieron ninguna de mis preguntas",0.0
148319,5,,,
171591,5,,,
140387,1,,"Compr√© dos mochilas, recib√≠ solo una, ¬°llegar√° la Navidad y hasta ahora nada!",0.0
160013,4,,,
156730,5,,Perfecto,1.0
150500,3,,"El precio fue excelente, el tiempo de entrega que es largo (m√°s de 1 mes para entregar). Compr√© 2 cartuchos y entregu√© solo 1, me quej√© y envi√© al otro dentro del tiempo de entrega.",1.0
108688,5,,,
193026,1,,,
193050,5,OK PRODUCTO,"La fecha l√≠mite se extendi√≥, pero se entreg√≥ dentro del per√≠odo publicado en la publicidad. Silla seg√∫n la foto, viene para ensamblar, m√°s f√°cil y m√°s hermosa",1.0
177402,5,Excelente,"¬°¬°Simplemente hermoso!!
¬°Me encant√≥ el producto!
Tama√±o perfecto !!
¬°Compr√© varios productos, he estado comprando en Baratheon durante a√±os!",1.0
126408,5,,,
175290,5,,,
164137,4,,¬°MUY BIEN! Llegu√© a tiempo.,1.0
167103,5,,,
163408,5,,"Gran, precio, entregado antes de la fecha l√≠mite y el producto de la gran calidad.
",1.0
142640,2,,"Compr√© un reloj de regalo de Navidad para mi hijo y hasta ahora no ha llegado. Envi√© mensajes y en la √∫ltima conversaci√≥n el reloj llegar√≠a ayer, pero no recib√≠ nada.",0.0
167216,5,,,
177289,5,,,
142931,5,,Solo pude entregar fin de a√±o m√°s r√°pido,1.0
165519,5,,,
138660,5,,"Gran venta, todo perfecto.",1.0
186938,4,5,,1.0
171092,5,,,
182257,5,,,
122341,3,,,
193993,5,,,
123657,5,,,
192456,5,,,
129866,5,,,
153924,5,,Producto de gran calidad !! Lleg√≥ antes del tiempo esperado. Amado <3,1.0
185818,5,,,
103955,5,,"¬°Lleg√≥ bien, env√≠o r√°pido!",1.0
147692,5,,,
171622,5,,Estoy muy satisfecho con mi compra y la recepci√≥n del producto; ¬°dentro del plazo!,1.0
174577,5,,,
138099,3,,"Hasta ahora no he recibido nada, la colcha estaba programada para el d√≠a anterior a ayer (18/12) y hasta ahora nada",1.0
187689,4,4,,1.0
109592,1,,"Los pinceles llegaron arrugados, no coincide con algunas fotos, pero coincide con la descripci√≥n. Son d√©biles, no se ajusten al caso y una venida genial",0.0
131411,5,,¬°Producto correspondiente a mis expectativas! ¬°Fue entregado antes de la fecha l√≠mite establecida!,1.0
112751,1,,,
154041,5,,,
181401,4,,,
142114,4,,Indico que la tienda siempre compra en Lannister.,1.0
100644,3,,,
169554,1,,"El producto fue diferente de los espect√°culos de Q en la foto, no es lujo ni acolchado como dec√≠a.",0.0
155840,3,,,
129223,5,,,
128059,5,,"Todo era normal, al igual que una compra de Internet. Gracias.",1.0
146572,5,,,
158950,5,,,
172272,4,Recomiendo a todos.,Buena compra.,1.0
182243,4,,,
156009,4,,,
177614,5,,,
169887,4,,"El producto lleg√≥ a tiempo. Cumple con el beneficio de costos, pero la bolsa no est√° forrada y el mango es de pl√°stico. Estoy satisfecho.",1.0
199060,3,,,
196489,5,Super recomendado,Estoy completamente satisfecho con mi adquisici√≥n. Y recomendarlo. Lo √∫nico con lo que no estoy de acuerdo es el costo de env√≠o. Autor.,1.0
168581,1,,,
130447,3,,Compr√© 02 solo enviado 01,1.0
120012,5,,,
124399,2,,"Parece que mantiene bien la comida sin marchitar (papas fritas), pero la tapa es extra√±a, parece que no se cierra. Y el acero inoxidable del Tam es feo.",0.0
154611,5,,,
120715,1,,"Estoy esperando una respuesta a este d√≠a, sobre mis productos, me han pagado y no los he recibido, hab√≠a 03 iguales y necesito hablar con personas y no m√°quina o grabaciones.",0.0
182717,5,,,
116472,1,,,
130394,5,,,
198375,5,Super recomendaci√≥n,Entrega y producto perfecto!,1.0
114177,4,,,
101976,5,,Felicitaciones üò§ por el servicio de excelente calidad.,1.0
197356,5,Excelente Loja,,1.0
186675,5,,,
137241,4,,Producto entregado por adelantado.,1.0
151805,5,,,
115227,5,,"Me gust√≥ comprar, recib√≠ el producto antes de la fecha l√≠mite y la buena calidad. Recomiendo.",1.0
102615,5,,,
109391,3,,,
102465,5,,"Super recomienda, Stark siempre llegue antes del pron√≥stico DTA = D",1.0
162362,4,,La oficina de correos no entreg√≥,1.0
124630,4,,,
100194,4,,"Entrega hecha a tiempo y producto en perfectas condiciones
Felicitaciones al equipo",1.0
132579,3,,a√∫n no recib√≠ el producto,1.0
125004,1,,"Me gustar√≠a recibir los productos correctos, intent√© hacer el intercambio de la devoluci√≥n del dinero en la tarjeta, pero el sitio web de Lannister no permite que se realice.",0.0
190018,5,Super satisfecho.,"Producto perfecto, entrega r√°pida. Estoy muy satisfecho. üëèüèΩ",1.0
185905,5,,,
101040,1,,"Mi producto fue defectuoso, regres√© como informado. Post -Post como se indica. Y hasta el d√≠a de hoy no he recibido ninguna notificaci√≥n de la compa√±√≠a con respecto al regreso y el an√°lisis para tener mi",0.0
164715,5,,La solicitud lleg√≥ antes de la fecha l√≠mite. Gracias.,1.0
167412,1,,Solo recibimos 1 cartucho que ya hemos abierto quejas en el sitio y a√∫n no hemos recibido una respuesta.,0.0
141551,5,,,
124143,4,,"Producto de alta calidad. Descripci√≥n Hace con el producto
Entregado en el momento adecuado.
Recomiendo.",1.0
109242,1,,La mesa lleg√≥ todo arrugado y golpeado.,0.0
117418,2,,"A tiempo a tiempo, podr√≠an acelerar como en mi otro producto que se entreg√≥ en 2 d√≠as.",0.0
157511,5,,,
114381,5,,,
102418,1,,,
123568,5,,El reloj es hermoso y la entrega fue muy r√°pida. ¬°Recomiendo!,1.0
190082,4,,,
132274,5,,,
150238,5,,,
176671,5,,"¬°Me gust√≥! Peque√±o, f√°cil de usar, no se rasca y limpia la piel. Recomiendo",1.0
118661,1,,,
176632,5,Super recomendaci√≥n,"Como siempre, excelente servicio.",1.0
172066,5,,,
131640,1,,Hasta ahora no recibo el producto,0.0
125912,5,,,
104047,4,,"Como siempre, Lannister ofrece correcto",1.0
107986,5,,,
148932,5,,,
149626,5,,"¬°Producto perfecto, lleg√≥ antes de la fecha l√≠mite!",1.0
101876,5,,,
191662,5,El producto es muy bueno,"Muy bien el producto, mejor de lo esperado y se entreg√≥ a tiempo, realmente me gust√≥.",1.0
120159,1,,Muy buen producto y precio cobrado!,0.0
134586,5,,,
126443,5,,SDDS,1.0
154330,5,,Muy buen producto.,1.0
118543,4,,,
196036,5,√≥timo,,1.0
180192,5,,,
112998,5,,,
168674,5,,La entrega a tiempo es importante.,1.0
180739,5,10,"Realmente me gust√≥, el objeto vino al mismo tiempo comprado, ya compr√© en otras tiendas y vino otro color √± al que le gust√≥. Con Lannister todo est√° bien.",1.0
178183,5,,,
151416,3,,"El dispositivo ha llegado con defecto, no presenta todas las funciones en la pantalla digital.",1.0
153962,5,,,
182617,2,producto incorrecto,El producto no est√° en las medidas correctas indicadas en la oferta. Tendr√© que llamarte para intercambiar,0.0
163115,1,,Esperando un retorno urgente.,0.0
150485,4,,,
134918,1,,"Producto m√°s que el momento de entregar, trato de resolver el problema con la compa√±√≠a y no puedo hablar con nadie. Todo lo que hacen es pasarme para quejarme en un sistema que no funciona.",0.0
153006,5,,,
170596,3,,Solo recib√≠ un producto. Se informa que ya recib√≠ ambos. No recib√≠ el estante de zapatos.,1.0
110839,5,,,
160930,1,,Daron una fecha l√≠mite muy larga para la entrega del producto y no pudieron entregar,0.0
113368,2,,Excelente producto que indico a cualquiera.,0.0
189821,5,excelente,Entrega correcta en el tiempo √≥ptimo.,1.0
193354,5,,,
165215,4,,,
164489,5,,,
173039,1,,No recib√≠ el producto. ¬øY ahora?,0.0
151021,4,,,
158078,2,,,
144665,5,,,
171520,5,,,
193872,5,,,
113966,3,,Lleg√≥ arrugado ...,1.0
131445,5,,,
101650,5,,,
192312,4,,,
186678,4,,,
100609,4,,¬°Recomiendo!,1.0
172279,5,,,
142963,1,,"Compr√© una alfombra de goma para TR4 Mitsubishi, la tienda entreg√≥ una horrible alfombra de PVC
En el t√≠tulo Ta Rug Rubber Tr4,
Me enga√±an y ahora qu√© hacer es que hay gastos para regresar, para",0.0
107088,4,,,
185868,5,me gust√≥,Gran perfume. Maravillosa fragancia. recomiendo,1.0
128657,5,,,
142581,5,,,
114004,4,,Muy bien y r√°pido y el producto lleg√≥ en buenas condiciones ahora e incluso hizo las pruebas.,1.0
190705,5,Plataforma,El producto super√≥ mi expectativa. El tiempo de entrega se anticip√≥ en 7 d√≠as. Ya me instal√© y fui espect√°culo.,1.0
169772,5,,,
166448,4,,,
192890,4,,,
126710,5,,entrega r√°pida,1.0
125895,5,,,
135330,4,,,
127838,5,,"Pron√≥stico de entrega hasta 18/10, recib√≠ el 10/05, excelente.",1.0
187358,5,,,
183315,3,PRODUCTO CON DEFECTO,Solicit√© la devoluci√≥n. PRODUCTO CON DEFECTO,1.0
174271,5,Regular,Compre en s√≠ es una buena l√°stima que el americano no sea de atenci√≥n al cliente,1.0
125158,5,,,
116703,5,,Exactamente lo que necesitaba,1.0
112391,3,,"Encontr√© la calidad del producto muy mala, ning√∫n arbusto o tornillo se arregl√≥ en la pared.",1.0
165711,5,,"Gracias, llegaste muy r√°pido",1.0
136244,5,,,
149812,4,,,
156053,4,,El √∫nico problema es que el marcado de la fecha es el marcado estadounidense.,1.0
172379,4,Bien,Creo que el producto deber√≠a tener una fecha de vencimiento m√°s larga.,1.0
173083,3,,,
174282,3,,,
182682,5,,,
131843,1,,,
171116,5,Entrega antes de la fecha l√≠mite.,"Entrega antes de la fecha l√≠mite, recomiendo esta tienda.",1.0
184728,5,,,
169864,1,,,
102157,5,,espect√°culo,1.0
158256,1,,,
194183,3,,"Buenas noches Las tiendas Lannister son geniales, me encanta el sitio hoy. Haga muy poca compra por abuso de flete, desafortunadamente no paga como antes, pero necesitamos comprar gracias",1.0
132597,1,,,
120068,4,,,
144227,1,,,
158457,1,,,
134343,5,,,
184010,4,,,
182891,5,,,
148494,4,,,
166998,5,,"Excelente producto, hermoso y sofisticado.",1.0
121706,4,,La factura no vino,1.0
173410,5,Super recomendaci√≥n,"Muchas gracias, porque recib√≠ el producto correcto como se encuentra en el sitio, la entrega fue s√∫per r√°pida. Estaba muy contento y definitivamente me referir√© al amigo.",1.0
116064,5,,Producto de entrega r√°pida como se anuncia,1.0
164942,5,,,
199135,5,,,
140987,1,,"Mi producto a√∫n no ha sido entregado, he presentado mi queja y hasta ahora no he tenido ning√∫n pron√≥stico de entrega. Estoy s√∫per insatisfecho y quiero que me devuelvan mi dinero. Fui a denunciar a Procon.",0.0
102604,1,,La cortina no es el modelo que orden√©. |,0.0
160117,3,,La impresi√≥n est√° saliendo con pintura d√©bil ...,1.0
156269,5,,,
117710,5,,,
151762,1,,¬øCompr√© rosa con brazos blancos y ofrec√≠ todo negro?,0.0
105545,1,,Necesito un pron√≥stico.,0.0
121097,5,,Estoy muy satisfecho llegu√© antes de la fecha l√≠mite que recomiendo,1.0
126899,5,,,
146333,4,,El producto lleg√≥ antes de la fecha l√≠mite y cumpli√≥ completamente con mis expectativas.,1.0
177633,5,,,
177956,3,Bom,,1.0
108384,4,,"Entrega a tiempo, producto sin ning√∫n problema",1.0
169944,5,,,
196800,5,muy bien,bien,1.0
102524,5,,Buena calidad y precio.,1.0
154997,5,,,
195122,5,,,
128612,3,,,
177347,3,,,
106831,5,,Siempre entregue antes de la fecha l√≠mite.,1.0
174470,5,,,
146912,5,,,
157719,5,,,
177759,5,recomiendo,muy bueno. Super recomiendo. Siempre bien.,1.0
105200,3,,"¬°Buenos chicos, el asistente de Lannister estaba muy atento, pero la tienda que deber√≠a haberme dado el producto cancelado para comprar? Qu√© pas√≥ ???",1.0
191337,5,,,
165317,5,,Entregado antes de la fecha l√≠mite! ¬°Producto perfecto!,1.0
161435,5,,,
168888,5,,"Se lo recomiendo a todos, no ten√≠a ning√∫n problema, productos y excelentes plazos.",1.0
125523,5,,Me gust√≥ haber comprado esta tienda. Servicio perfecto.,1.0
171250,4,,,
196239,5,,,
105460,3,,"Compr√© una silla, recib√≠ a tiempo, pero la silla se rompi√≥ en la parte inferior. Podr√≠a ser m√°s cuidadoso en el empaque.",1.0
158816,5,,Siempre compro y siempre recibo el producto correcto dentro o antes de la fecha l√≠mite,1.0
155664,5,,,
151027,5,,ENTREGA MUY RAPIDA,1.0
154263,5,,,
101233,5,,,
160209,5,,,
135589,5,,El producto fue entregado mucho antes de la fecha l√≠mite.,1.0
127657,4,,,
174890,5,Excelentes productos,No lo he instalado todav√≠a me gust√≥ mucho,1.0
183361,5,,,
174717,5,Excelente l√°mpara,Buen producto. Entrega r√°pida. recomiendo,1.0
195526,5,recomendo a todos.otima.,,1.0
102235,5,,Producto recibido a tiempo y en perfectas condiciones.,1.0
188674,5,Lleg√≥ antes de la fecha l√≠mite,muy bien,1.0
132649,5,,,
116802,5,,,
133872,1,,"¬°Recib√≠ otra mu√±eca, quiero regresar y no puedo contactarla! ¬°Nunca volver√≠a a comprar esta tienda!",0.0
127122,3,,"Gran compra
Pero la carga no paga, pesa el presupuesto.
Deber√≠a tener env√≠o gratis
",1.0
127252,5,,En,1.0
168853,4,,"El producto lleg√≥ como imaginaba, por ahora estoy disfrutando
",1.0
190664,5,,,
167828,5,,,
197723,5,Muy buen americano,Gran entrega r√°pida gracias,1.0
171669,5,Excelente,,1.0
197962,2,Entrega de paquetes,Creo que deber√≠a haber una forma de comunicarse con la empresa si se entrega para no ser entregado,0.0
132815,5,,"Buen producto, buen momento ...",1.0
129538,5,,,
125627,5,,Muy bien. Ya es el segundo objeto que compro y recib√≠ sin ning√∫n problema.,1.0
195656,3,,,
139419,5,,Hermosa y buena calidad. me gust√≥,1.0
186269,5,,,
189015,5,,,
169433,5,¬°Excelente!,El producto lleg√≥ antes de la fecha l√≠mite.,1.0
109411,4,,,
171352,2,,,
141436,5,,,
105882,4,,,
116127,5,,,
119022,4,,,
114890,1,,"Buenas noches, no me gust√≥ porque nunca podemos hablar contigo por tel√©fono
",0.0
125764,5,,Compromiso del vendedor del cliente,1.0
171505,4,,,
119071,1,,,
118912,3,,"El producto no cumpli√≥ con mis expectativas, porque las ollas son dif√≠ciles de abrir y cerrar y la bandeja donde las macetas van con puntos de √≥xido.",1.0
153551,5,,,
191066,5,,,
154087,4,,,
142132,4,,,
127305,5,,Suministro muy satisfecho s√∫per r√°pido .. Mostrar ... Felicitaciones ... Dud√© y compr√© un tel√©fono celular en Casas Bahia tiene casi un mes y no entreg√≥.,1.0
171218,5,,,
168929,4,Recomendo!,,1.0
181947,3,,,
105669,5,,excelente,1.0
112799,5,,Todos cien dentro de la fecha l√≠mite,1.0
159759,3,,,
120341,1,,No recib√≠ el juego en color de tabaco. Solo el rojo.,0.0
138669,5,,,
129839,1,,"No fue entregado a mi casa, as√≠ que no me gust√≥, no tengo tiempo para ir a la oficina de correos ...",0.0
107348,4,,,
133421,5,,Compra perfecta.,1.0
144578,5,,,
177372,3,,,
105079,5,,,
148107,5,,,
110785,3,,,
131461,1,,El producto vino malcriado,0.0
138794,4,,,
177404,4,,,
161132,1,,"Mi mercanc√≠a no fue entregada, ya pagu√© la primera factura. Quiero cancelar la compra porque pagu√© el flete y no recib√≠ los productos.
",0.0
170964,1,Mal estado,"El producto ya ha llegado con defectos no jodidos seg√∫n mi necesidad de uso. Desafortunadamente, la √∫ltima compra mi totalmente insatisfecho.",0.0
162719,5,,,
173006,5,,,
181347,3,,Recib√≠ solo 1 caja con 100 unidades y ped√≠ 2 cajas.,1.0
185153,5,,,
173001,5,√ìtima ,,1.0
141916,1,,Compr√© dos colgantes que solo lleg√≥ uno. ¬øNecesito saber qu√© pas√≥?,0.0
176591,4,Bien,"Recomiendo esta entrega de la tienda correcta
",1.0
168585,4,,"¬°Todo seg√∫n y ofrece muy r√°pido! Qu√© l√°stima no revis√© el color, porque era negro y necesitaba gris. Otro punto que tuve que lijar poco para trabajar, pero nada.",1.0
147037,5,,,
172024,5,,,
135633,5,,Entrega r√°pida y correcta,1.0
146237,4,,El producto es f√°cil de ensamblar y sirve perfectamente el prop√≥sito de optimizar el espacio.,1.0
105134,4,,,
197081,4,,,
156110,1,,El producto vino con arrugas y tampoco funciona correctamente.,0.0
159432,4,,Me gusta el producto,1.0
175777,5,,,
158357,5,,,
180247,5,Muy bien,Producto de gran calidad,1.0
158808,3,,,
146408,5,,,
141159,1,,He estado esperando m√°s de veinte d√≠as y a√∫n no he recibido mi producto y no puedo obtener ninguna informaci√≥n.,0.0
149085,5,,,
100758,5,,,
110272,1,,Estoy esperando que la compa√±√≠a devuelva el producto.,0.0
187340,1,Meu produto n√£o chegou,,0.0
130817,5,,,
177712,5,,,
167369,1,,El proveedor no envi√≥ el producto correcto. Solicit√© el sabor de chocolate y me enviaron otro sabor.,0.0
153720,5,,Recomiendo esta tienda.,1.0
145245,5,,,
121101,5,,,
125101,5,,Gran producto.,1.0
188500,5,,,
186408,5,Excelente,Excelente,1.0
103266,4,,,
161762,5,,"Contin√∫e, con esta responsabilidad con el consumidor, tanto en el producto como en el tiempo de entrega. La primera vez que compra y comprar√© muchos. Gracias.",1.0
135353,5,,"Me gust√≥. Moderno, hermoso, mi esquina de caf√© ser√° la parte superior",1.0
186639,4,Recomendar√≠a que s√≠,"Bueno, eso es lo que esperaba.",1.0
115369,4,,"Todo sali√≥ como combinado, nada de qu√© quejarse.",1.0
117255,5,,,
130680,5,,,
116132,5,,,
166897,4,,"F√°cil de manejar, hasta el presente cumple con las expectativas.",1.0
184016,5,recomiendo,Hermosa entrega de reloj antes de la fecha l√≠mite,1.0
120615,5,,,
114690,4,,,
131730,5,,,
197661,4,Notbuk Cover,Lleg√≥ como el m√°s hermoso anunciado.,1.0
188587,5,,,
160519,5,,Conductas del producto con el anuncio,1.0
144257,1,,El producto a√∫n no ha llegado,0.0
111447,4,,"Satisfecho, lo recomiendo",1.0
155293,4,,,
110185,5,,,
117363,5,,"Me encant√≥, vino r√°pidamente, todav√≠a lo probar√©. ¬°Gracias!",1.0
119074,5,,,
111379,5,,,
113219,5,,"Realmente disfrut√© lo que compr√© con ustedes, gracias muy pronto, har√© otras compras vanda",1.0
179727,4,,,
176832,1,Entrega tard√≠a,A√∫n no recib√≠ el producto...,0.0
147617,4,,"Recib√≠, la bolsa es diferente, pero me gust√≥ que estaba programado para el 31 de enero, estaba encontrando mucho tiempo porque es para la escuela y estoy esperando el valle de compra de la primera compra de la bolsa que no funcion√≥.",1.0
186847,4,,,
123024,5,,"Recib√≠ el producto que quer√≠a y antes de la fecha l√≠mite acordada, muy bien, lo recomiendo con seguridad.",1.0
107399,5,,,
131108,3,,"En la publicidad se escribe con un mezclador el√©ctrico y lleg√≥ una computadora port√°til que tengo tres que se rompieron, as√≠ que quer√≠a un electricidad, deber√≠a especificar mejor los productos.",1.0
176283,5,,,
122933,5,,,
107636,4,,,
147807,5,,Producto entregado antes de la fecha l√≠mite acordada. Esta no es la primera vez que estoy comprando el sitio web de Lannister Lojas y recomiendo que una compa√±√≠a de este tipo sea seriamente trato con los clientes.,1.0
170228,1,Compr√© 2 productos,¬°Compr√© 2 productos solo enviados 1 y N me dio justificaci√≥n!,0.0
159895,3,,,
141981,4,,,
150349,4,,,
145963,4,,Gracias muy bien.,1.0
119953,4,,*******************,1.0
131109,5,,Como se esperaba,1.0
144130,5,,,
196763,5,,,
164295,5,,Recib√≠ antes de la fecha l√≠mite estimada.,1.0
188411,5,Muy bien,Me imagin√© que la mu√±eca era m√°s grande. M√°s es genial,1.0
108040,2,,"Tuve un problema con la entrega, porque no hab√≠a nadie en casa para recibir los productos en el momento en que pasaron.",0.0
178908,4,,,
192782,5,,,
103015,5,,"Atento, llamado para hacer seguimiento. Buena fecha de vencimiento. Tom√≥ mucho tiempo llegar. Ahora es verificar la calidad del producto.",1.0
126720,5,,,
175396,5,,"Muy eficiente entregado muy r√°pido, recomiendo",1.0
152517,5,,,
129965,3,,Muy hermoso el reloj!,1.0
118946,5,,,
167455,5,,Excelente producto y entrega a tiempo,1.0
130719,4,,"Lleg√≥ antes de la fecha de la fecha l√≠mite, ¬°pero filtr√≥ un poco del producto!",1.0
176058,5,,,
122746,5,,,
171049,4,,,
171555,5,,,
109007,5,,,
135784,5,,,
101886,4,,,
119871,5,,,
171955,5,,,
126290,5,,,
169330,4,,,
100580,5,,"Cada vez que compro con ustedes mis art√≠culos llegan en perfectas condiciones ...
",1.0
148596,5,,Producto entregado antes de la fecha l√≠mite en excelentes condiciones.,1.0
188393,3,Bien,Muy bien.,1.0
182979,5,,,
124564,5,,Entrega s√∫per r√°pida. Producto de gran calidad. Recomiendo.,1.0
179617,5,,,
173919,5,√ìtimo! ,,1.0
114789,5,,"Hermoso producto, genial",1.0
134808,5,,,
102560,3,,,
191377,1,,,
194647,5,,,
166847,5,,excelente,1.0
121595,3,,"Se espera m√°s, las toallas podr√≠an ser m√°s gruesas.",1.0
157695,4,,Entrega un d√≠a antes esperado,1.0
107705,4,,"Se tarda un tiempo en calentarse, incluso a la m√°xima potencia 5. pero sirve bien. En los rimadores de uso, tiene un olor a medio rubiante que arde, pero pasa ... Recomiendo la practicidad y el costo/beneficio.",1.0
143918,5,,,
159947,5,,"Fue entregado bien lleno.
Entrega r√°pida como prometida
Completa la imagen.",1.0
133214,5,,,
108058,5,,Todo sucedi√≥ de manera eficiente,1.0
129935,5,,El producto lleg√≥ antes de la fecha l√≠mite y en perfectas condiciones.,1.0
149959,5,,,
186983,5,,,
165170,4,,,
162039,5,,,
162442,2,,"El producto no corresponde a lo que compr√©, la pel√≠cula es mucho m√°s peque√±a que la pantalla del tel√©fono y no cubre toda la pantalla.",0.0
123782,5,,"Producto como se anunci√≥, y lleg√≥ antes de la fecha l√≠mite ... perfecta",1.0
180175,4,Producto entregado,Buen producto y entregado antes de lo esperado.,1.0
181788,4,Bien,"Todav√≠a no lo he usado, pero parece ser muy bueno.",1.0
195611,4,,,
161799,1,,El producto fue remitido a la Ciudad del Destino el 31 de marzo y hasta ahora no he recibido.,0.0
159497,4,,,
131197,5,,,
