IdOrden,puntaje,titulo,mensaje,fecha_opinion,fecha_respuesta
147671,4,,,2018-01-18,2018-01-18
159283,5,,,2018-03-10,2018-03-11
153253,5,,,2018-02-17,2018-02-18
106278,5,,Recib√≠ mucho antes de la fecha l√≠mite.,2017-04-21,2017-04-21
154849,5,,Felicitaciones a las tiendas Lannister Me encant√≥ comprar Internet Felicitaciones seguras y pr√°cticas a todos los felices Pascua de Pascua,2018-03-01,2018-03-02
168004,1,,,2018-04-13,2018-04-16
114847,5,,,2017-07-16,2017-07-18
194814,5,,,2018-08-14,2018-08-14
108876,5,,,2017-05-17,2017-05-18
177136,4,recomiendo,"Aparato eficiente. En el sitio, la marca del dispositivo se imprime como 3desinfector y cuando llega con otro nombre ... actualice con la marca correcta ya que es el mismo dispositivo",2018-05-22,2018-05-23
142755,5,,,2017-12-23,2017-12-26
141184,5,,,2017-12-19,2017-12-20
155311,4,,"Pero un poco, bloquear ... porque el valor es bueno.
",2018-02-16,2018-02-20
164505,4,,,2018-03-28,2018-03-30
107253,3,,,2017-04-30,2017-05-03
178524,5,Super recomendaci√≥n,"Vendedor confiable, producto OK y entrega antes de la fecha l√≠mite.",2018-05-23,2018-05-24
143910,2,,"Me gustar√≠a saber lo que pas√≥, siempre recib√≠ y esta compra ahora me dec√≠a",2018-01-18,2018-01-20
164347,5,,,2018-03-24,2018-03-26
126084,3,,,2017-09-29,2017-10-02
193926,1,Mi producto no lleg√≥,Horrible,2018-08-15,2018-08-15
125052,4,,,2017-10-06,2017-10-08
159022,5,,,2018-03-17,2018-04-04
187356,5,Excelente,Nota 10 tienda,2018-07-10,2018-07-11
122789,5,,,2017-09-09,2017-10-17
135738,5,,Gracias por el atento amim despedido,2017-12-01,2017-12-09
113288,5,,,2017-06-23,2017-06-27
130348,4,,,2017-11-01,2017-11-01
163482,5,,"La compra se realiz√≥ f√°cilmente.
La entrega se realiz√≥ mucho antes de la fecha l√≠mite.
El producto ya ha comenzado a usarse e incluso el presente,
sin problemas.",2018-03-23,2018-04-01
161784,5,,Reloj muy hermoso y barato.,2018-03-29,2018-04-02
136341,1,,No me gust√≥ ! Compr√© gato por liebre,2017-12-13,2017-12-16
147690,5,,,2018-01-18,2018-01-18
115721,5,,,2017-07-19,2017-07-20
163048,1,,"Compre siempre a trav√©s de Internet y la entrega ocurre antes de la fecha l√≠mite acordada, que creo que es la fecha l√≠mite m√°xima. En Stark, el plazo m√°ximo ya se ha agotado y no ha recibido el producto.",2018-04-08,2018-04-09
196753,5,,,2018-08-25,2018-08-26
178475,4,Muy bien.,"Recib√≠ exactamente lo que esperaba. Los otros pedidos de otros vendedores se retrasaron, pero llegaron a tiempo.",2018-06-07,2018-06-09
122761,5,,,2017-09-12,2017-09-13
180609,5,Bien,"Recomiendo ,",2018-06-13,2018-06-13
162354,5,,muy buena,2018-03-22,2018-03-30
191968,5,¬°Maravilloso!,"¬°Estoy completamente enamorado, una tienda s√∫per responsable y confiable!",2018-08-10,2018-08-11
104219,1,,No hay orden para llegar.,2017-04-21,2017-04-23
171967,2,,,2018-05-13,2018-05-14
146302,1,,,2018-02-08,2018-02-10
138452,5,,,2017-12-05,2017-12-07
182290,5,Entrega perfecta,Muy bien. Muy buen aroma.,2018-06-13,2018-06-14
158757,5,,,2018-03-11,2018-03-14
159795,4,,,2018-03-29,2018-03-31
148992,5,,,2018-01-25,2018-02-18
108719,5,,"El gran vendedor lleg√≥ antes de la fecha l√≠mite, me encant√≥ el producto.",2017-05-13,2017-05-14
125088,5,,,2017-09-22,2017-09-23
167896,5,,Proceso de compra tranquilo y eficiente.,2018-04-24,2018-04-25
108849,5,,Espero que dure porque es del cabello.,2017-05-19,2017-05-21
147393,1,,"Recib√≠ solo 1 estilo de control de Midea de control.
Control remoto perdido para el c√≥nsul de aire acondicionado",2018-01-28,2018-02-04
188389,5,,,2018-07-14,2018-07-16
172525,5,√ìtimo,,2018-06-02,2018-06-02
139635,5,,,2017-12-15,2017-12-17
104209,5,,bien,2017-03-21,2017-03-22
173439,3,,,2018-05-10,2018-05-13
128162,3,,,2017-10-27,2017-10-27
176912,4,,,2018-05-31,2018-06-04
188314,5,Muy hermoso,Muy hermoso,2018-07-25,2018-07-25
165416,5,,,2018-04-03,2018-04-03
110857,5,,"Todo ocurri√≥ como contratado siendo la entrega realizada antes de la fecha l√≠mite
 Estoy satisfecho
",2017-06-02,2017-06-03
168812,5,,"Me encant√≥, lo encontr√© hermoso, muy delicado, me encant√≥",2018-04-18,2018-04-18
154172,5,,,2018-02-20,2018-02-21
166656,4,,"Gran tienda de asociaci√≥n: ¬°productos muy r√°pidos, bien empaquetados y de calidad! Solo el costo de la carga que era un poco agrio.",2018-04-04,2018-04-06
153812,5,,,2018-02-27,2018-03-02
178037,5,,,2018-06-03,2018-06-06
195283,5,¬°Gran producto!,Recomiendo al vendedor ...,2018-08-17,2018-08-17
100117,1,,"El producto no lleg√≥ dentro del tiempo estipulado y caus√≥ inconvenientes, porque program√© el viaje de vacaciones de mi hijo, seg√∫n el tiempo. Vivo en Bah√≠a y √©l solo en Cuiab√°. Ahora la casa est√° vac√≠a.",2016-12-09,2016-12-19
118096,5,,"Producto entregado seg√∫n lo solicitado, y muy brevemente. ¬°Felicidades!
",2017-08-09,2017-08-09
187297,3,,,2018-07-14,2018-07-14
163342,5,,,2018-04-10,2018-04-12
147810,4,,,2018-01-31,2018-02-01
131440,3,,"Compr√© dos unidades y solo recib√≠ una y ahora, ¬øqu√© hago?",2017-11-09,2017-11-10
198980,5,,,2018-08-28,2018-08-29
148374,3,,"Buen producto, pero lo que me vino no coincide con la foto del anuncio.",2018-01-31,2018-01-31
184487,1,,"Producto mucho m√°s bajo, mal terminado.",2018-07-03,2018-07-05
115889,5,,,2017-07-29,2017-08-01
182168,4,,,2018-06-14,2018-06-18
182018,5,¬°Siempre lo recomiendo!,¬°La mochila Kit Cane Patrol es hermosa! ¬°Mi nieto amar√°! ¬°¬°Gracias!!,2018-06-19,2018-06-19
118594,5,,Preguntarse,2017-08-09,2017-08-11
143253,5,,,2018-01-12,2018-01-14
167341,5,,,2018-04-06,2018-04-07
104923,4,,,2017-03-31,2017-04-01
156543,5,,,2018-02-23,2018-02-23
175586,5,,,2018-05-15,2018-05-20
168920,5,,,2018-04-24,2018-04-25
103734,3,,Entrega a tiempo,2017-03-23,2017-03-23
143490,5,,Cumpli√≥ lo prometido en la compra y con una entrega satisfactoria,2018-01-04,2018-01-05
155787,1,,Ped√≠ reembolso y sin respuesta hasta ahora,2018-03-08,2018-03-08
175381,5,***** Recomiendo,S√∫per r√°pido.,2018-05-10,2018-05-11
156676,1,,,2018-03-07,2018-03-07
164780,5,,,2018-04-06,2018-04-08
190770,5,,,2018-08-17,2018-08-31
152435,2,,,2018-03-17,2018-03-17
117404,5,,,2017-08-03,2017-08-03
137805,5,,,2017-12-12,2017-12-13
114647,5,,,2017-07-12,2017-07-13
162915,3,,,2018-03-28,2018-03-31
128790,5,,,2017-10-31,2017-11-06
133240,5,,"Satisfecho
",2017-11-22,2017-11-22
137433,4,,,2017-12-19,2017-12-22
139548,4,,,2017-12-13,2017-12-15
113505,5,,"son de parabenos ... siempre llega con mucha prioridad.

Muchas gracias....",2017-06-24,2017-06-29
192408,3,N√£o recebi o produto.,,2018-08-25,2018-08-25
182505,5,,,2018-06-21,2018-06-21
166672,1,,,2018-04-22,2018-04-26
174822,5,,,2018-05-10,2018-05-11
176353,5,EXCELENTE,"Ok, lo recomiendo",2018-05-23,2018-05-28
150484,5,,,2018-01-30,2018-01-30
146519,3,,"El producto ha llegado, pero mi PC no pudo reconocer los puertos USB.",2018-01-16,2018-01-18
142070,5,,"Producto de muy buena calidad, lleg√≥ antes de la fecha l√≠mite prometida",2017-12-17,2017-12-19
129769,5,,,2017-10-24,2017-10-25
192255,5,,,2018-08-02,2018-08-03
161133,5,,,2018-03-16,2018-03-17
144128,1,,"Esta fue la solicitud
Cubo con 128 piezas - bloques de montaje 2 un - r $ 25,00 cada uno (no entregado)
Targaryen vendido y entregado
Eva alfombra n¬∫ letras 36 piezas ni√±os 1 un - r $ 35,90 (esto fue",2018-01-04,2018-01-10
121804,5,,"Entrega muy rapida
Felicidades",2017-08-29,2017-08-29
130019,5,,,2017-10-26,2017-10-26
143154,5,,,2018-01-10,2018-01-17
130933,1,,Compr√© tres paquetes de cinco hojas de transferencia de papel a la tela oscura y solo recib√≠ dos,2017-11-07,2017-11-08
183560,4,,,2018-06-26,2018-06-26
139572,4,,"Solo faltaba un producto, recib√≠ hoy, ¬°gracias!
¬°Todo cierto!

Atalotes

Elenicio.",2017-12-16,2017-12-19
131156,1,,,2017-11-23,2017-11-23
187682,4,,,2018-07-13,2018-07-16
117516,5,,,2017-07-27,2017-07-27
193889,4,,,2018-08-10,2018-08-14
122983,5,,,2017-09-14,2017-09-15
146790,5,,"La bolsa t√©rmica adem√°s hermosa es s√∫per espaciosa. Producto Seg√∫n el anuncio y la entrega s√∫per r√°pida, entregada mucho antes de la fecha l√≠mite.",2018-01-10,2018-01-11
135841,2,,Tom√≥ demasiado tiempo la entrega,2017-12-17,2017-12-17
142759,5,,,2017-12-27,2018-01-01
130286,5,,Entrega s√∫per r√°pida ... lleg√≥ antes de la fecha ...,2017-10-24,2017-10-25
148234,3,Entrega retrasada,La entrega se dividi√≥ en dos. No hubo una declaraci√≥n de la tienda. Incluso pens√© que solo hab√≠an enviado parte del producto.,2018-01-20,2018-05-15
125047,1,,No funciona no hace tiempo,2017-09-17,2017-09-18
100200,5,,Recomiendo a todos los clientes,2016-10-22,2016-10-26
127573,4,,,2017-10-10,2017-10-11
124524,3,,me gust√≥,2017-09-24,2017-09-25
113183,5,,,2017-06-22,2017-06-22
167761,5,,,2018-04-12,2018-04-13
198490,3,,,2018-08-26,2018-08-28
149487,3,,,2018-02-01,2018-02-01
164312,5,,,2018-04-05,2018-04-05
158555,5,,,2018-03-09,2018-03-11
165370,5,,EXCELENTE,2018-04-19,2018-04-22
111172,5,,"Realmente me gust√≥ el juego de ba√±o. El estampado florido, el bordado, todo muy hermoso. Gran producto.",2017-06-03,2017-06-04
110652,4,,,2017-05-30,2017-05-31
121062,1,,"Solo lleg√≥ una pieza, pero en la nota y la garant√≠a hay joyas.",2017-08-22,2017-08-22
175830,5,,,2018-05-16,2018-05-16
133567,3,,,2017-11-15,2017-11-16
118270,4,,,2017-08-18,2017-08-21
146970,1,,No recib√≠ el producto y est√° en el sistema que recib√≠ adem√°s de pagar el querido flete,2018-01-12,2018-01-13
162297,1,,"Compr√© el reloj, Unisex y envi√© un reloj de mujer, mucho m√°s peque√±o que las especificaciones de AD.",2018-04-05,2018-04-06
158938,5,,Siempre compro en lannister.pra me es la mejor tienda en l√≠nea,2018-03-14,2018-03-17
100537,5,,Producto de excelente calidad,2017-01-31,2017-02-01
128743,5,,,2017-11-02,2017-11-02
183498,1,,,2018-06-22,2018-06-22
170914,5,,,2018-04-28,2018-04-29
125583,2,,,2017-10-02,2017-10-04
143908,5,,,2017-12-29,2017-12-29
143040,4,,,2017-12-20,2017-12-22
123528,5,,Gran costo-beneficio,2017-09-14,2017-09-15
132882,5,,DE ACUERDO,2017-11-19,2017-11-22
136152,5,,,2017-12-02,2017-12-03
140718,3,,,2017-12-13,2017-12-17
166829,5,muy buena,Me gust√≥ la atenci√≥n con la entrega,2018-04-27,2018-04-30
191722,5,,,2018-08-04,2018-08-07
196796,5,,,2018-08-21,2018-08-22
170574,4,4," Si fuera el vidrio se hubiera roto; Entr√≥ en la caja sin ninguna protecci√≥n en el interior, la caja estaba muy pur√©. Lo siento .. pero me gusta comprarte
.",2018-05-15,2018-05-16
174346,1,Promedio,La pieza no sirvi√≥,2018-05-11,2018-05-14
158780,1,,Compr√© el producto el 25 de febrero y hoy Marzo 29 no hab√≠a sido entregado a mi residencia. No s√© si la oficina de correos de este Brasil es mala o fue la tienda en s√≠ la que tard√≥ el tiempo en publicar.,2018-03-29,2018-03-29
101302,1,,"Hice mi compra hace 30 d√≠as y a√∫n no he recibido mi producto.
Necesitas mejorar las entregas",2017-04-06,2017-04-09
195762,5,fecha l√≠mite,"Espero recibir esta semana, lo que no ser√≠a tan extravagante, pero ... m√°s tarde que eso me har√≠a renunciar a Baratheon.",2018-08-26,2018-08-29
183713,3,,,2018-07-22,2018-07-24
116893,5,,,2017-08-08,2017-08-10
169791,5,,,2018-04-22,2018-04-24
111684,5,,"Entregado a tiempo, estaba contento con la compra que hice",2017-06-23,2017-06-24
156767,5,,,2018-03-11,2018-03-11
115422,4,,,2017-07-25,2017-08-02
174234,5,,,2018-05-05,2018-05-05
110879,5,,Hermoso reloj me encant√≥,2017-05-31,2017-06-01
173906,5,,,2018-05-12,2018-05-13
157486,3,,"Compr√© dos candelabros pendientes, con su compa√±ero Targaryen y solo me envi√© una l√°mpara de ara√±a. Abr√≠ una queja, pero a√∫n no he recibido una respuesta. Espero la soluci√≥n de las tiendas Lannister.",2018-03-14,2018-03-16
163338,5,,,2018-03-24,2018-03-26
187428,3,,,2018-07-12,2018-07-13
186469,4,,,2018-07-13,2018-07-18
179874,4,,,2018-06-21,2018-06-22
185127,5,Super producto,Muy buena calidad de alta calidad!,2018-07-04,2018-07-05
106476,1,,,2017-05-06,2017-05-09
199077,4,,,2018-08-30,2018-08-30
167036,5,,"Hermoso producto, entrega bien valorado y a tiempo. ¬°Recomiendo!",2018-04-10,2018-04-13
154433,5,,Muy bien,2018-02-20,2018-02-21
177770,1,Falta de productos y roturas,Perdido 1 producto y aquellos que recib√≠ 1 vino roto,2018-05-23,2018-05-23
185716,5,Super recomendaci√≥n,"¬°Ha llegado a tiempo y el producto es de excelente calidad! El dolor de espalda ha terminado, ¬°estoy durmiendo muy bien!",2018-07-07,2018-07-09
119475,4,,,2017-08-29,2017-09-02
189785,4,,,2018-07-27,2018-07-28
127852,4,,,2017-10-06,2017-10-09
150839,5,,,2018-02-23,2018-03-26
122911,3,,,2017-09-06,2017-09-07
184927,1,A√∫n no recibido,Aqu√≠ se describe como entregado solo que hasta ahora no he recibido,2018-06-28,2018-06-29
100069,5,,"Creo que rastrear el producto deber√≠a ser mejor y m√°s preciso, pero en general fue una gran experiencia.",2016-10-19,2016-10-20
132636,5,,A√∫n no he tenido la oportunidad de probar,2017-11-23,2017-11-25
159521,5,,,2018-03-25,2018-03-25
171322,3,recomiendo,Empec√© a usar ahora,2018-05-08,2018-05-10
138418,5,,,2017-12-15,2017-12-15
164091,5,,,2018-03-24,2018-03-24
109917,5,,Nada que declarar,2017-05-20,2017-05-22
106054,4,,,2017-04-14,2017-04-15
101809,5,,,2017-02-24,2017-04-01
173164,3,NOTA 3,"Compre un producto correcto en la portada pero es interno de otro. ???????
",2018-05-10,2018-05-11
166266,5,,,2018-04-10,2018-04-11
161395,5,,,2018-03-27,2018-04-01
137716,3,,Entrega s√∫per r√°pida,2017-12-13,2017-12-13
178787,5,,,2018-06-06,2018-06-11
177443,3,Suspenso,Hice una solicitud de 4 botellas de aceite de oliva. Eran 2 en un d√≠a y los otros 2 casi 48 horas despu√©s.,2018-05-24,2018-05-25
159091,5,,"El producto lleg√≥ muy r√°pido y de buena calidad, recomiendo el producto.",2018-03-09,2018-03-12
148837,3,,,2018-01-23,2018-01-24
127236,5,,,2017-10-10,2017-10-12
187928,5,,,2018-07-12,2018-07-12
192211,1,,,2018-08-17,2018-08-17
149816,3,,,2018-01-31,2018-01-31
187171,5,,,2018-07-11,2018-07-11
175513,5,Entrega antes do previsto,,2018-05-26,2018-05-28
139050,1,,"¬°No puedo! ¬°Estoy esperando la llegada del producto que compr√©! Tan pronto como esto suceda, ¬°me formar√° mi opini√≥n!",2017-12-22,2017-12-22
151291,1,,,2018-02-24,2018-02-24
107010,1,,Compr√© dos productos y recib√≠ solo uno. Envi√© dos correos electr√≥nicos a la tienda y no tuve retorno. Estoy insatisfecho.,2017-05-14,2017-05-19
109872,5,,,2017-05-30,2017-05-31
182619,5,Recomendo,,2018-06-22,2018-06-24
119314,5,,,2017-08-26,2017-08-27
150029,3,,No recomendar√≠a esta tienda o tengo la intenci√≥n de volver a comprarla. Los productos fueron entregados despu√©s de la fecha l√≠mite y casi 1 mes despu√©s de la compra. En el sitio web de Lannister generalmente llegan antes de la fecha l√≠mite. Me sorprendi√≥ mucho,2018-02-16,2018-02-17
197045,5,Arriba,recomiendo,2018-08-22,2018-08-23
155066,4,,Conoc√≠ mis expectativas.,2018-02-24,2018-02-25
121636,5,,Entrega antes de la fecha l√≠mite. Producto muy pr√°ctico y f√°cil de manejar.,2017-08-31,2017-09-01
194008,4,,,2018-08-11,2018-08-13
186574,5,,,2018-07-07,2018-07-09
144146,3,,,2018-01-17,2018-01-17
129290,4,,,2017-10-17,2017-10-20
169125,5,,"Un gran producto simplemente no fue manual, pero no hay problema.",2018-04-21,2018-04-24
168787,4,,"Una de las piezas no encajaba, estaba en un di√°metro diferente. Tuve que ver y martillo para poder encajar y encajar.
De lo contrario, todo bien.",2018-04-19,2018-04-22
150655,5,,Excelente producto.,2018-02-17,2018-02-19
122661,5,,Todo cierto,2017-09-07,2017-09-13
100013,1,,"Retraso en la entrega, odi√© el servicio y nunca vuelva a comprar. Baratheon Cuando vend√≠ por s√≠ mismos era mucho mejor!",2016-11-02,2016-11-03
193829,5,,Producto muy bueno,2018-08-08,2018-08-09
160559,1,,Mi producto no ha llegado ... seg√∫n la proyecci√≥n se detiene en Ribeir√£o Preto sp ...,2018-03-23,2018-03-23
190808,1,,Producto defectuoso en la primera vez de uso.,2018-08-03,2018-08-04
110924,5,,,2017-06-07,2017-06-09
186119,5,presentacion de producto,Super Recomendar Producto profesional de calidad,2018-07-14,2018-07-17
156761,1,,Hasta ahora no he recibido el producto.,2018-03-14,2018-03-14
194807,5,,,2018-08-15,2018-08-16
189919,5,,,2018-07-24,2018-07-25
197699,1,, La tienda anuncia un producto y ofrece otro.,2018-08-24,2018-08-27
196079,5,Super recanto,Muy bien y r√°pido cuando vi que ya hab√≠a llegado,2018-08-23,2018-08-24
151264,5,,,2018-01-30,2018-01-31
134663,5,,El producto lleg√≥ muy bien,2017-12-13,2017-12-16
127379,5,,excelente,2017-10-08,2017-10-09
181708,3,Cometido en la caja ac√∫stica,"Aunque se entreg√≥ r√°pidamente, reemplazaron la caja de meteoritos con la caja nacida. Cuando intent√© quejarme en Lannister, el sistema est√° fuera del aire. La guitarra y los accesorios eran correctos.",2018-06-12,2018-06-12
138126,5,,Muy satisfecho,2017-12-05,2017-12-06
122890,4,,Felicitaciones a la tienda y al revendedor a pesar de tomar un tiempo,2017-09-23,2017-09-24
113088,5,,,2017-07-05,2017-07-05
170458,5,Gran compra,Entregado a tiempo y con un buen per√≠odo de validez.,2018-05-05,2018-05-06
146074,5,,"El juego de toallas es m√°s hermoso que en la imagen, me encant√≥.",2018-01-18,2018-01-18
160288,1,,El producto se entreg√≥ con una de las manijas con problemas (falta 1 Pin faltante),2018-03-11,2018-03-13
157314,5,,,2018-02-25,2018-02-27
134042,2,,,2017-11-24,2017-11-27
153838,2,,"El 14/02 estaba programado para entregar el pedido y en la detecci√≥n marc√≥ que el producto ya hab√≠a sido entregado en la fecha, pero de hecho no se entreg√≥. El producto solo se entreg√≥ el 28/02.",2018-03-01,2018-03-04
110937,2,,La tienda m√°s all√° del env√≠o es muy costosa. El producto tarda casi 30 d√≠as h√°biles para llegar a su hogar,2017-06-07,2017-06-09
182560,5,,,2018-06-24,2018-06-26
154405,5,,,2018-02-20,2018-02-21
168680,5,,,2018-04-17,2018-04-18
112428,1,,"Recib√≠ muy r√°pido, pero vino otro producto, no lo que ped√≠, el modelo fue diferente, el color, fue un caso que no tiene cremallera, finalmente, no lo recomiendo.",2017-06-22,2017-06-23
150509,5,,,2018-02-09,2018-02-11
196645,5,,,2018-08-24,2018-08-26
104053,5,,,2017-03-22,2017-04-17
198593,5,,,2018-08-29,2018-08-30
110969,5,,Siempre lo compr√© en Stark y estoy satisfecho.,2017-05-31,2017-06-01
135442,5,,Hice la compra por mesa y gracias a Dios todo funcion√≥ en que puedo estar muy agradecido puede confiar.,2017-12-23,2017-12-29
128343,4,,,2017-10-22,2017-10-24
119131,4,,,2017-08-08,2017-08-11
192783,1,Horrible,"Cancel√© mi compra un d√≠a antes de la entrega, llam√© a Lannister y los asistentes no sab√≠an lo que estaba pasando, un desastre, ahora estoy esperando ver si se le cobrar√°",2018-08-05,2018-08-05
171396,5,,,2018-04-28,2018-04-28
155795,5,,,2018-02-28,2018-03-02
179444,5,Super recomendaci√≥n,Producto de calidad y eficiencia en la entrega. Recib√≠ mucho antes de lo acordado. recomiendo,2018-06-08,2018-06-08
181138,5,,,2018-06-12,2018-06-15
190162,5,Muy bien.,El buen producto se produjo dentro de la fecha l√≠mite que lleg√≥ en 08 d√≠as deben ser felicitados.,2018-08-01,2018-08-01
180043,5,,,2018-06-11,2018-06-13
184263,5,,,2018-06-30,2018-07-03
179220,5,,,2018-06-07,2018-06-08
167762,5,,,2018-04-21,2018-04-24
142438,5,,,2017-12-19,2017-12-19
192846,4,,,2018-08-07,2018-08-07
115629,5,,"Todo est√° bien, Baratheon siempre responsable con sus entregas.",2017-07-26,2017-07-27
159477,5,,,2018-03-09,2018-03-09
113714,1,,,2017-07-08,2017-07-08
175294,5,,,2018-05-25,2018-05-25
114016,1,,El acabado que estaba en la imagen fue hermoso que lleg√≥ fue un sint√©tico feo con un aletable completamente desconcertado que no me gust√≥,2017-07-05,2017-07-11
135911,5,,,2017-12-05,2017-12-06
153476,4,,,2018-02-24,2018-02-25
158216,3,,,2018-03-06,2018-03-06
150051,1,,"Y muy desordenado compr√≥ tres productos, pero no lleg√≥ el d√≠a en que Sert√µes lleg√≥ por separado y en una fecha separada",2018-01-31,2018-02-01
124851,5,,A,2017-09-26,2017-09-27
193134,5,excelente,entrega r√°pida,2018-08-07,2018-08-08
175271,4,,,2018-05-19,2018-05-21
108475,4,,fue bueno,2017-05-16,2017-06-09
154361,5,,Mercanc√≠a derecha entregada dentro de la fecha l√≠mite acordada. Agradecido,2018-02-24,2018-02-24
142898,3,,,2017-12-30,2018-01-01
135440,1,,", Muy malo !",2017-11-29,2017-11-29
107419,1,,,2017-05-17,2017-05-21
150511,1,,Ha pasado los d√≠as esperados.,2018-02-09,2018-02-14
170868,5,,,2018-04-24,2018-04-25
143747,5,,,2017-12-28,2017-12-30
138198,4,,,2017-12-09,2017-12-12
141884,5,,,2017-12-16,2017-12-17
182588,4,,,2018-07-03,2018-07-04
163647,3,,Al comprar el que entend√≠ que recibir√≠a 2 botellas de 60 c√°psulas (cada una) y no 2 frascos con 60 c√°psulas en total. Simplemente no lo devolver√© porque necesito el producto.,2018-03-30,2018-03-31
116507,4,,,2017-07-27,2017-07-29
195489,5,,Entrega mucho antes de la fecha l√≠mite perfecta !!,2018-08-14,2018-08-15
179529,5,10,¬øCada vez que compro m√°s estoy satisfecho con la honestidad con sus clientes?,2018-06-03,2018-06-04
145003,5,,,2018-01-05,2018-01-07
148751,5,,,2018-02-02,2018-02-03
162638,3,,,2018-03-20,2018-03-23
169533,1,,,2018-04-27,2018-04-27
128797,5,,entrega muy r√°pida y es bueno comprar contigo,2017-10-20,2017-10-23
171093,1,,Producto No recomiendo no leer en ning√∫n dispositivo,2018-04-27,2018-04-28
109246,4,,"Entrega s√∫per r√°pida, ¬°felicidades!",2017-05-13,2017-05-14
156054,5,,,2018-03-01,2018-03-05
193179,5,,,2018-08-08,2018-08-08
194435,4,recomiendo,Todo r√°pido y eficiente.,2018-08-12,2018-08-14
139351,4,,,2017-12-19,2017-12-20
127195,4,,,2017-10-03,2017-10-03
173933,5,Muy bien,Maravillosa crema y entrega s√∫per r√°pida,2018-05-10,2018-05-10
167387,5,,,2018-04-27,2018-04-30
124086,5,,,2017-09-19,2017-09-25
157811,1,,"Tratando de cancelar el producto desde antes de que se emita la factura. No me advirtieron que estaba por correo, no ten√≠a respuesta de la cancelaci√≥n y no puedo regresar.",2018-03-01,2018-03-02
161974,4,,"Lleg√≥ hoy
sin comentarios",2018-03-31,2018-04-03
197487,1,Lamenetable ...,"Buenas noches

Es lamentable, esta tienda que tantas compras ya he realizado y hoy no me doy una satisfacci√≥n de un reloj en la importancia de 50.00 reais ... un producto defectuoso y hasta ahora no me ha dado regreso",2018-08-23,2018-08-30
195581,5,,,2018-08-18,2018-08-20
131776,5,,,2017-11-10,2017-11-10
138659,5,,¬°Muy bien! ¬°Lo que esperaba!,2017-12-05,2017-12-07
174026,2,¬°Mala calidad!,La cubierta protectora no es exactamente lo que esperaba que se desearan en el tipo de material y la calidad.,2018-05-19,2018-05-20
133947,3,,,2017-11-24,2017-11-24
141341,3,,,2017-12-23,2017-12-25
151392,5,,,2018-02-01,2018-02-01
122577,5,,,2017-09-19,2017-09-20
187102,3,Insatisfecho,"En el sitio, el producto parece tener una mejor calidad de material y acabado.",2018-07-06,2018-07-09
133862,5,,,2017-11-24,2017-11-27
168243,5,,,2018-04-11,2018-04-13
156389,5,,,2018-03-04,2018-03-06
190640,5,mega recomendaci√≥n,"Recib√≠ mi producto correctamente y a tiempo, revisando en la caja todo es correcto, pero no he configurado. Hermoso producto, color perfecto, nos encanta.
Super Recomendar.",2018-08-10,2018-08-11
143543,3,,"El embalaje que quedaba por desear, el producto estaba por estrechamente da√±ado, la caja estaba arrugada.",2018-01-12,2018-01-13
186275,5,EXCELENTE PRODUCTO,Felicitaciones. Producto entregado mucho antes de la fecha l√≠mite.,2018-07-04,2018-07-04
107604,5,,Recomiendo.,2017-05-08,2017-05-08
156078,3,,Los cables y el manual se perdieron,2018-02-27,2018-03-02
129857,5,,,2017-10-21,2017-10-25
106485,1,,,2017-04-20,2017-04-21
150709,5,,,2018-02-06,2018-02-14
146911,4,,,2018-01-13,2018-01-16
122643,5,,Great lleg√≥ mucho antes de la fecha l√≠mite.,2017-09-01,2017-09-04
115288,5,,,2017-07-13,2017-07-13
107911,3,,,2017-05-27,2017-05-31
102918,5,,,2017-03-08,2017-03-09
127360,5,,Entregado dentro del muy buen tiempo de producto.,2017-10-14,2017-10-17
160564,5,,,2018-03-14,2018-03-14
117282,5,,,2017-07-27,2017-07-28
103710,2,,"El producto estaba lleno de papel marr√≥n solo en el embalaje y enviado por la oficina de correos. Por supuesto, el empaque ha llegado amasado y solo Dios sabe si el producto funciona o no, a√∫n no lo he probado.",2017-03-22,2017-03-22
120539,4,,,2017-08-18,2017-08-19
115449,5,,Creo que deber√≠an enviar por Sedex en lugar de PAC,2017-07-26,2017-07-27
157409,1,,"La √∫ltima vez que lo compre porque hoy har√° 1 mes que hice para comprar y nada, y si lleva tiempo entregar, buscar√© mis derechos contra las tiendas Lannister y Targaryen.",2018-03-21,2018-03-21
115636,5,,,2017-07-13,2017-07-14
119265,5,,,2017-08-18,2017-08-21
197705,5,,,2018-08-28,2018-08-29
125069,5,,,2017-09-21,2018-02-14
162248,5,,Hermosa ... solo las instrucciones perdidas para el cambio de pulseras.,2018-03-18,2018-03-18
173897,4,,,2018-05-10,2018-05-11
103223,5,,,2017-03-15,2017-03-17
165941,5,,"Producto exactamente como se describe.
¬°Lleg√≥ mucho antes de la fecha l√≠mite!",2018-04-04,2018-04-04
146628,4,,,2018-02-01,2018-02-01
182104,5,,,2018-07-01,2018-07-03
174872,5,,,2018-05-10,2018-05-11
145164,5,,,2018-01-09,2018-01-09
183104,5,,,2018-06-22,2018-06-23
123938,5,,,2017-09-14,2017-09-15
117146,5,,"El producto lleg√≥ mucho antes de la fecha l√≠mite, ¬°me encant√≥ el servicio! Super recomendaci√≥n",2017-07-26,2017-07-27
126219,1,,"No me gust√≥ el producto, el material de mala calidad.",2017-10-08,2017-11-10
145735,1,,"De los dos productos comprados, ¬°solo uno fue entregado!",2018-01-10,2018-01-11
148419,1,,"No compro m√°s en Lannister. Si eres el compa√±ero de Lannister o no, este Targaryen nunca volver√° a usar. Cuando le√≠ que es de esta compa√±√≠a que ejecuto. Un absurdo. Casi un mes para entregar. Extra.com ok",2018-02-09,2018-02-10
103842,3,,Recib√≠ el producto correctamente,2017-03-23,2017-03-23
124401,5,,,2017-09-27,2017-10-03
185685,5,,,2018-07-11,2018-07-14
183013,5,,,2018-06-20,2018-06-22
129441,5,,,2017-10-29,2017-10-29
116918,5,,,2017-07-21,2017-07-22
159209,5,,"Recib√≠ el producto dentro de la fecha l√≠mite informada, a√∫n no lo he usado.",2018-03-24,2018-03-27
184307,5,,,2018-07-07,2018-07-09
173031,4,recomiendo,"La orden lleg√≥ antes de lo acordado, muy bueno.",2018-05-08,2018-05-10
122603,4,,Producto entregado como se anunci√≥.,2017-09-05,2017-09-06
152294,5,,,2018-02-16,2018-02-19
164966,3,Sin entrega de productos,¬°Recibe solo 01 parte del producto! ¬°Necesito las 2 piezas restantes!,2018-04-26,2018-04-26
131926,5,,Almacenar 10,2017-11-14,2017-11-16
112847,4,,"La guitarra que compr√© es hermosa, pero el color de la pegatina no verifica con la foto de la Ley de compra, pero tom√©.",2017-06-22,2017-06-22
148594,4,,,2018-02-08,2018-02-10
144446,1,,Ni hicieron la factura,2018-01-30,2018-01-30
158880,5,,"¬°Lleg√≥ antes de la fecha l√≠mite!
¬°Producto excelente!",2018-03-06,2018-03-08
135160,5,,,2017-11-25,2017-11-25
173153,5,,,2018-05-07,2018-05-10
123132,5,,,2017-09-06,2017-09-08
194051,5,,,2018-08-14,2018-08-17
185076,4,recomiendo,Trabajo con profesionalismo de las tiendas Lannister. Indico seguro,2018-07-01,2018-07-03
190707,5,,,2018-07-27,2018-07-28
145833,5,,,2018-01-16,2018-01-18
104448,3,,,2017-04-05,2017-04-07
129678,1,,"El reproductor de MP3 no funciona, incluso cambiando la pila varias veces. Tuve que regresar.",2017-11-05,2017-11-06
120013,5,,¬°Super recomienda el producto que es muy bueno!,2017-08-17,2017-11-05
127719,5,,"Muy buena capacitaci√≥n, una de las mejores del mercado, si no la mejor.",2017-10-07,2017-10-07
114156,4,," La tienda public√≥ el producto y medi√≥ el correo tom√≥ un tiempo
",2017-07-11,2017-07-11
109559,5,,"Siempre compro en Stark y siempre estoy bien atendido, un sitio eficiente y productos de gran calidad, ¬°recomiendo a todos que compren con los ojos cerrados!",2017-05-24,2017-05-24
123625,4,,Muy bien desde que compre la entrega TD correcto y r√°pido,2017-09-09,2017-09-10
191149,5,Papel de mezcla de preses,¬°Todo bien!,2018-08-04,2018-08-06
175108,5,,,2018-05-16,2018-05-17
194876,3,,,2018-08-17,2018-08-19
100385,1,,,2017-01-27,2017-01-30
135432,5,,,2017-11-29,2017-11-30
140309,1,,Targaryen no es confiable no entreg√≥ mi compra y puso el seguimiento del pedido que se entreg√≥ el 14/12/17 Compa√±√≠a falsa. Quiero recibir mis productos que se pagaron con Bankari Ticket,2017-12-15,2017-12-20
123796,5,,Entrega de productos y calidad como se esperaba.,2017-09-12,2017-09-13
161732,5,,"Excelente, recomiendo",2018-03-27,2018-03-29
146869,3,,"La bolsa es muy hermosa por fuera
Pero por dentro no hay forro
Y es muy fr√°gil
",2018-01-23,2018-01-24
186751,1,,,2018-07-14,2018-07-15
168007,5,,,2018-04-13,2018-04-15
193205,4,,,2018-08-16,2018-08-16
177606,1,Producto pirata!,"¬°Cuando instal√© el cartucho de tinta, mi impresora indic√≥ que estaba vac√≠a y present√≥ el mensaje de error! ""En el marcador de nivel de tinta. Ya solicit√© el intercambio"".",2018-05-22,2018-05-23
166581,4,,"Muy bien, recomiendo el producto.",2018-04-19,2018-04-20
107167,5,,,2017-05-06,2017-05-10
189071,5,,,2018-07-31,2018-07-31
172177,5,producto d√©bil,"En cuanto al sitio, no tengo nada que cuestionar! Siempre cumpla s√∫per combinado ... ¬°siempre lo recomiendo! Pero el producto es d√©bil ...",2018-05-11,2018-05-14
173613,4,,,2018-05-26,2018-05-27
107752,4,,Bien en todos los aspectos,2017-05-20,2017-05-23
160513,4,,,2018-03-10,2018-03-10
152468,3,,,2018-02-24,2018-02-27
125594,5,,,2017-09-26,2017-10-04
189021,3,,,2018-08-02,2018-08-02
102271,3,,,2017-03-04,2017-03-07
146404,5,,,2018-01-16,2018-01-23
178063,4,,,2018-06-06,2018-06-07
168245,5,,Hasta el d√≠a de hoy estoy satisfecho con sbmarino,2018-04-17,2018-04-19
134474,5,,,2017-12-07,2017-12-11
126340,5,,,2017-10-03,2017-10-06
117954,1,,Las dos cubiertas de cuero compradas no fueron entregadas. Solo uno de ellos. Espero el regreso del dinero o la entrega de la segunda portada.,2017-08-12,2017-08-20
126647,5,,,2017-10-15,2017-10-15
140900,5,,¬°Me gust√≥!,2017-12-20,2017-12-21
167793,4,,,2018-04-24,2018-04-24
184500,5,,,2018-06-26,2018-06-29
131398,3,,,2017-11-04,2017-11-05
144266,5,,,2018-01-05,2018-02-01
136749,5,,,2017-12-06,2017-12-06
104873,5,,,2017-03-29,2017-03-30
168012,5,,,2018-04-19,2018-04-21
117882,5,,,2017-07-27,2017-07-28
171329,5,,,2018-05-01,2018-05-02
186272,3,Nota 8,"Estaba feliz con. La tela, pero creo que faltaba la hoja de arriba para estar completa, espero que pronto se lance.",2018-07-07,2018-07-09
158738,5,,Lleg√≥ antes de que la fecha l√≠mite sea la cabecera es hermosa.,2018-03-07,2018-03-07
185011,4,,,2018-07-03,2018-07-04
178269,5,,,2018-06-07,2018-06-07
110093,3,,"Hubo cierta confusi√≥n entre el vendedor y Stark, ya que recib√≠ un correo electr√≥nico de Stark pidiendo la cancelaci√≥n del producto por cualquier entrega imprevista; Lo negu√© y recib√≠ el producto d√≠as despu√©s.",2017-06-09,2017-06-12
178983,3,,,2018-06-07,2018-06-09
124494,4,,,2017-09-20,2017-09-20
159896,5,,,2018-03-14,2018-03-15
146755,5,,10,2018-01-20,2018-01-22
111805,5,,"Me gust√≥ que el producto lleg√≥ en el momento adecuado, los vendedores deben ser felicitados.",2017-06-15,2017-06-15
112381,3,,,2017-06-14,2017-06-15
155483,4,,,2018-02-27,2018-02-28
145521,5,,Recepci√≥n excelente,2018-01-05,2018-01-08
106718,4,,me gust√≥,2017-05-03,2017-05-04
152045,5,,,2018-02-23,2018-02-23
162648,5,,,2018-03-19,2018-03-19
109397,1,,El 19 de mayo us√© y el mango se rompi√≥ sin mucho peso,2017-05-19,2017-06-01
150037,5,,Toalla del mejor campe√≥n de Brasil maravilloso,2018-01-31,2018-02-01
170506,5,,"La entrega se realiz√≥ mucho antes de esperarse.
Buen producto ... estoy satisfecho",2018-04-20,2018-04-20
195387,1,,,2018-08-15,2018-08-15
108114,5,,,2017-05-12,2017-05-13
169531,5,,,2018-05-04,2018-05-08
145276,5,,"Hasta ahora est√° bien, estoy esperando la entrega del producto",2018-02-04,2018-02-09
117862,5,,,2017-08-02,2017-08-03
187789,5,¬°Todo cierto!,"La compra ocurri√≥ como se esperaba, desde el pedido hasta la recepci√≥n del producto. Muy bien a la derecha.",2018-07-12,2018-07-13
193324,5,,,2018-08-11,2018-08-11
193987,5,,,2018-08-09,2018-08-12
191848,5,,,2018-08-10,2018-08-13
146806,5,,"El producto fue entregado antes de la fecha l√≠mite.
",2018-01-10,2018-01-11
120476,4,,,2017-08-19,2017-08-20
165020,4,,,2018-04-13,2018-04-13
104192,4,,"Realmente me gust√≥ que el producto fuera exactamente la boque que esperaba, entrega a tiempo, felicidades recomiendo la tienda.",2017-03-31,2017-04-03
131167,5,,,2017-11-02,2017-11-02
104944,2,,Compr√© el producto negro y llegu√© en rojo.,2017-04-11,2017-04-12
178935,5,,,2018-05-31,2018-06-02
108644,5,,,2017-05-23,2017-05-24
196125,5,,,2018-08-21,2018-08-21
147724,5,,"Esta es la segunda vez que compro en esta tienda, entrega r√°pida s√∫per eficiente y antes de la fecha l√≠mite contratada, producto bien empacado, nota 10
Muchas gracias",2018-01-26,2018-01-27
183030,4,recomiendo,"excelente
",2018-06-17,2018-06-19
151870,4,,,2018-02-16,2018-02-17
172502,5,√ìtimo ,,2018-05-05,2018-05-07
196963,2,,Pens√© que la mochila era un material m√°s resistente.,2018-08-22,2018-08-27
169584,5,,,2018-04-28,2018-04-30
138020,2,,,2017-12-28,2017-12-31
154686,1,,"Compr√© un producto y vino otro.
Envi√© MSG informando el error pero no recib√≠ respuesta.
Gracias",2018-02-22,2018-02-22
125871,1,,,2017-09-22,2017-09-23
157798,1,,¬°El producto tarda mucho en llegar!,2018-03-10,2018-03-15
169121,4,,,2018-04-18,2018-04-21
102535,1,,,2017-03-23,2017-03-23
181876,5,,,2018-06-20,2018-06-22
159329,3,,"Solo recibimos un reloj

Atalotes
",2018-03-17,2018-03-19
162739,5,,,2018-03-26,2018-03-26
167999,5,,,2018-04-08,2018-04-10
106909,3,,,2017-05-04,2017-05-22
120949,5,,,2017-08-17,2017-08-18
102288,1,,,2017-03-19,2017-03-21
105868,5,,"Entrega r√°pida, producto como se esperaba",2017-04-20,2017-04-21
175380,5,Excelente,Todo como se anunci√≥ ... gran producto ...,2018-05-11,2018-05-12
158304,3,,"Producto de buena calidad, exactamente como se anunci√≥, y el bajo precio es una atracci√≥n adicional.",2018-03-20,2018-03-21
138623,1,,Solo se entreg√≥ una unidad en lugar de dos.,2017-12-13,2017-12-15
107490,4,," Me encant√≥ el producto ;; Recib√≠ antes de la fecha l√≠mite acordada, fue muy hermosa",2017-05-10,2017-05-15
105775,5,,,2017-04-12,2017-04-13
172160,5,¬°¬°perfecto!!,Muy satisfecho.,2018-05-01,2018-05-08
184388,4,Lol mascota,Excelente producto pero demasiado caro !!!,2018-07-03,2018-07-04
155620,5,,,2018-02-27,2018-03-02
141778,5,,"Excelentes productos, entrega r√°pida.
Super Recomendar !!!",2017-12-22,2017-12-23
188692,4,bom,,2018-07-24,2018-07-27
146327,2,,"s√≠, recib√≠ m√°s con defectos, los accesorios son dos iguales y no cierran
",2018-01-18,2018-01-24
158105,4,,,2018-03-03,2018-03-05
145455,5,,,2018-01-11,2018-01-12
140123,1,,Todav√≠a no recib√≠,2018-01-06,2018-01-06
197720,5,Excelente,Tuve un excelente despu√©s de las ventas a trav√©s del Sr. Renato,2018-08-24,2018-08-24
191183,5,,,2018-07-29,2018-07-29
159906,5,,"Realmente me gust√≥ el producto, la entrega lleg√≥ antes de la fecha l√≠mite. Lo recomiendo, est√° bien equipado en el tel√©fono, no toma la elegancia del dispositivo, como otras cubiertas que lo hacen monstruoso con el tama√±o.",2018-03-18,2018-03-19
172697,5,1000000,Muy bien,2018-05-11,2018-05-12
124685,1,,"Hasta ahora no he recibido este dispositivo para una pregunta de salud, por lo que no recomiendo esta tienda.",2017-09-30,2017-09-30
176848,5,,,2018-06-05,2018-06-06
139182,4,,,2017-12-20,2017-12-28
123423,5,,"Recomiendo a todos. Producto de gran calidad, entregado sin problemas.",2017-09-14,2017-09-15
134643,5,,,2017-12-08,2017-12-08
188849,5,Gran costo x beneficio,El producto lleg√≥ a tiempo. Lleg√≥ como se describe y es excelente.,2018-07-21,2018-07-24
144013,5,,,2017-12-30,2018-01-04
117802,4,,"¬°El producto lleg√≥ antes de la fecha l√≠mite, y me gust√≥ mucho! ¬°Ahora mi hijo de 3 a√±os disfrutar√° el m√°ximo!",2017-08-02,2017-08-03
159646,1,,"Me gustar√≠a saber cu√°ndo llegar√° mi producto.
Debido a que la fecha de entrega programada ha pasado, ¬°me gustar√≠a una respuesta que estoy esperando!",2018-03-22,2018-03-25
101213,4,,Nota 10 tienda,2017-02-17,2017-02-20
134600,5,,,2017-11-29,2017-12-06
104167,5,,Felicidades. Lo recib√≠ antes de la fecha l√≠mite. Todo correcto como fue acordado.,2017-03-29,2017-03-30
168092,1,,"El producto entregado difiere del pedido
¬°Es un producto inferior!
¬°Me gustar√≠a que se resuelva el problema!
¬°No estoy satisfecho con el procedimiento!",2018-04-21,2018-04-23
177202,5,Bien,¬°Muy bueno!,2018-05-24,2018-05-26
143690,2,,"Compr√© el producto, pagado en el boleto y solo recib√≠ la mitad del producto, anunci√© que una cosa se env√≠a otra. Muy insatisfecho üò°üò°üò°",2017-12-31,2018-01-03
112578,5,,Entrega antes de la fecha l√≠mite de productos muy bien mantenida.,2017-06-17,2017-06-20
114300,5,,Producto de gran calidad. ¬°Me gust√≥!,2017-07-18,2017-07-21
108628,5,,,2017-05-23,2017-05-24
116809,5,,,2017-08-02,2017-08-03
193644,5,Excelente producto y entrega,"A pesar de la demora en la emisi√≥n de la factura, despu√©s de que se emiti√≥ la entrega fue r√°pida y el producto lleg√≥ bien empaquetado. Recomiendo.",2018-08-21,2018-08-21
107764,5,,,2017-05-23,2017-05-24
158989,2,,Compr√© el d√≠a del producto a principios de marzo y no recib√≠ a tiempo apertura a un protocolo para resolver mi situaci√≥n.,2018-03-29,2018-03-29
168159,1,,"No recib√≠ el producto, as√≠ como ning√∫n contacto del.",2018-05-12,2018-05-14
115167,5,,,2017-07-26,2017-07-31
187627,4,,,2018-07-12,2018-07-12
117869,1,,Ni siquiera me muevo :(,2017-08-10,2017-08-10
167813,5,,nota 10,2018-04-25,2018-04-28
144015,3,,Esperando el instalador,2018-01-17,2018-01-19
126668,2,,"Compr√© un producto para ser entregado por esta tienda.
Y a√∫n no lo he recibido
Porque la fecha de entrega ya ha pasado",2017-10-25,2017-10-25
147727,5,,Gran servicio,2018-01-23,2018-01-24
120137,4,,"Gran compra. Gran producto. Solo me perd√≠ una declaraci√≥n entre la compra y la llegada del producto, solo contacto. Pero gracias.",2017-08-29,2017-08-30
147572,1,,"Lleg√≥ de acuerdo con las ventas posteriores, las ventas posteriores no respondieron ninguna de mis preguntas",2018-02-16,2018-02-22
148319,5,,,2018-01-31,2018-02-01
171591,5,,,2018-04-27,2018-04-29
140387,1,,"Compr√© dos mochilas, recib√≠ solo una, ¬°llegar√° la Navidad y hasta ahora nada!",2017-12-14,2017-12-20
160013,4,,,2018-03-29,2018-04-03
156730,5,,Perfecto,2018-03-01,2018-03-01
150500,3,,"El precio fue excelente, el tiempo de entrega que es largo (m√°s de 1 mes para entregar). Compr√© 2 cartuchos y entregu√© solo 1, me quej√© y envi√© al otro dentro del tiempo de entrega.",2018-02-22,2018-02-27
108688,5,,,2017-05-18,2017-05-19
193026,1,,,2018-08-10,2018-08-12
193050,5,OK PRODUCTO,"La fecha l√≠mite se extendi√≥, pero se entreg√≥ dentro del per√≠odo publicado en la publicidad. Silla seg√∫n la foto, viene para ensamblar, m√°s f√°cil y m√°s hermosa",2018-08-28,2018-08-30
177402,5,Excelente,"¬°¬°Simplemente hermoso!!
¬°Me encant√≥ el producto!
Tama√±o perfecto !!
¬°Compr√© varios productos, he estado comprando en Baratheon durante a√±os!",2018-05-20,2018-05-20
126408,5,,,2017-09-30,2017-09-30
175290,5,,,2018-05-18,2018-05-20
164137,4,,¬°MUY BIEN! Llegu√© a tiempo.,2018-03-28,2018-03-30
167103,5,,,2018-04-07,2018-04-10
163408,5,,"Gran, precio, entregado antes de la fecha l√≠mite y el producto de la gran calidad.
",2018-03-22,2018-03-22
142640,2,,"Compr√© un reloj de regalo de Navidad para mi hijo y hasta ahora no ha llegado. Envi√© mensajes y en la √∫ltima conversaci√≥n el reloj llegar√≠a ayer, pero no recib√≠ nada.",2018-01-06,2018-01-11
167216,5,,,2018-04-14,2018-04-20
177289,5,,,2018-05-22,2018-05-24
142931,5,,Solo pude entregar fin de a√±o m√°s r√°pido,2017-12-29,2017-12-29
165519,5,,,2018-04-03,2018-04-07
138660,5,,"Gran venta, todo perfecto.",2017-12-09,2017-12-11
186938,4,5,,2018-07-11,2018-07-11
171092,5,,,2018-04-26,2018-04-30
182257,5,,,2018-06-13,2018-06-13
122341,3,,,2017-09-06,2017-09-07
193993,5,,,2018-08-23,2018-08-23
123657,5,,,2017-09-09,2017-09-13
192456,5,,,2018-08-02,2018-08-03
129866,5,,,2017-10-25,2017-10-25
153924,5,,Producto de gran calidad !! Lleg√≥ antes del tiempo esperado. Amado <3,2018-02-10,2018-02-10
185818,5,,,2018-07-03,2018-07-04
103955,5,,"¬°Lleg√≥ bien, env√≠o r√°pido!",2017-03-23,2017-03-27
147692,5,,,2018-01-24,2018-01-25
171622,5,,Estoy muy satisfecho con mi compra y la recepci√≥n del producto; ¬°dentro del plazo!,2018-05-03,2018-05-03
174577,5,,,2018-05-15,2018-05-16
138099,3,,"Hasta ahora no he recibido nada, la colcha estaba programada para el d√≠a anterior a ayer (18/12) y hasta ahora nada",2017-12-19,2017-12-21
187689,4,4,,2018-07-13,2018-07-14
109592,1,,"Los pinceles llegaron arrugados, no coincide con algunas fotos, pero coincide con la descripci√≥n. Son d√©biles, no se ajusten al caso y una venida genial",2017-05-26,2017-05-27
131411,5,,¬°Producto correspondiente a mis expectativas! ¬°Fue entregado antes de la fecha l√≠mite establecida!,2017-11-01,2017-11-02
112751,1,,,2017-06-21,2017-06-23
154041,5,,,2018-02-15,2018-02-19
181401,4,,,2018-06-12,2018-06-12
142114,4,,Indico que la tienda siempre compra en Lannister.,2017-12-30,2017-12-30
100644,3,,,2017-01-31,2017-02-01
169554,1,,"El producto fue diferente de los espect√°culos de Q en la foto, no es lujo ni acolchado como dec√≠a.",2018-04-19,2018-04-19
155840,3,,,2018-03-09,2018-03-09
129223,5,,,2017-10-25,2017-10-26
128059,5,,"Todo era normal, al igual que una compra de Internet. Gracias.",2017-10-17,2017-10-18
146572,5,,,2018-01-19,2018-01-22
158950,5,,,2018-03-03,2018-03-04
172272,4,Recomiendo a todos.,Buena compra.,2018-05-11,2018-05-11
182243,4,,,2018-07-12,2018-07-13
156009,4,,,2018-02-28,2018-03-04
177614,5,,,2018-05-24,2018-05-24
169887,4,,"El producto lleg√≥ a tiempo. Cumple con el beneficio de costos, pero la bolsa no est√° forrada y el mango es de pl√°stico. Estoy satisfecho.",2018-04-21,2018-04-22
199060,3,,,2018-08-29,2018-08-30
196489,5,Super recomendado,Estoy completamente satisfecho con mi adquisici√≥n. Y recomendarlo. Lo √∫nico con lo que no estoy de acuerdo es el costo de env√≠o. Autor.,2018-08-21,2018-08-22
168581,1,,,2018-04-21,2018-04-21
130447,3,,Compr√© 02 solo enviado 01,2017-10-28,2017-10-29
120012,5,,,2017-08-12,2017-08-13
124399,2,,"Parece que mantiene bien la comida sin marchitar (papas fritas), pero la tapa es extra√±a, parece que no se cierra. Y el acero inoxidable del Tam es feo.",2017-09-20,2017-09-25
154611,5,,,2018-03-15,2018-03-15
120715,1,,"Estoy esperando una respuesta a este d√≠a, sobre mis productos, me han pagado y no los he recibido, hab√≠a 03 iguales y necesito hablar con personas y no m√°quina o grabaciones.",2017-08-19,2017-08-20
182717,5,,,2018-06-22,2018-06-25
116472,1,,,2017-08-12,2017-08-13
130394,5,,,2017-10-31,2017-11-02
198375,5,Super recomendaci√≥n,Entrega y producto perfecto!,2018-08-24,2018-08-28
114177,4,,,2017-07-01,2017-07-03
101976,5,,Felicitaciones üò§ por el servicio de excelente calidad.,2017-03-09,2017-03-10
197356,5,Excelente Loja,,2018-08-21,2018-08-22
186675,5,,,2018-07-05,2018-07-06
137241,4,,Producto entregado por adelantado.,2017-12-08,2017-12-11
151805,5,,,2018-02-03,2018-02-06
115227,5,,"Me gust√≥ comprar, recib√≠ el producto antes de la fecha l√≠mite y la buena calidad. Recomiendo.",2017-07-22,2017-07-25
102615,5,,,2017-03-15,2017-03-17
109391,3,,,2017-06-03,2017-06-07
102465,5,,"Super recomienda, Stark siempre llegue antes del pron√≥stico DTA = D",2017-03-22,2017-03-23
162362,4,,La oficina de correos no entreg√≥,2018-04-05,2018-04-05
124630,4,,,2017-09-19,2017-09-20
100194,4,,"Entrega hecha a tiempo y producto en perfectas condiciones
Felicitaciones al equipo",2016-10-20,2016-10-20
132579,3,,a√∫n no recib√≠ el producto,2017-11-18,2017-11-19
125004,1,,"Me gustar√≠a recibir los productos correctos, intent√© hacer el intercambio de la devoluci√≥n del dinero en la tarjeta, pero el sitio web de Lannister no permite que se realice.",2017-09-17,2017-09-18
190018,5,Super satisfecho.,"Producto perfecto, entrega r√°pida. Estoy muy satisfecho. üëèüèΩ",2018-08-08,2018-08-09
185905,5,,,2018-07-04,2018-07-05
101040,1,,"Mi producto fue defectuoso, regres√© como informado. Post -Post como se indica. Y hasta el d√≠a de hoy no he recibido ninguna notificaci√≥n de la compa√±√≠a con respecto al regreso y el an√°lisis para tener mi",2017-02-21,2017-03-13
164715,5,,La solicitud lleg√≥ antes de la fecha l√≠mite. Gracias.,2018-04-03,2018-04-04
167412,1,,Solo recibimos 1 cartucho que ya hemos abierto quejas en el sitio y a√∫n no hemos recibido una respuesta.,2018-04-13,2018-04-16
141551,5,,,2017-12-15,2017-12-16
124143,4,,"Producto de alta calidad. Descripci√≥n Hace con el producto
Entregado en el momento adecuado.
Recomiendo.",2017-10-01,2017-10-03
109242,1,,La mesa lleg√≥ todo arrugado y golpeado.,2017-05-25,2017-05-25
117418,2,,"A tiempo a tiempo, podr√≠an acelerar como en mi otro producto que se entreg√≥ en 2 d√≠as.",2017-07-29,2017-08-02
157511,5,,,2018-03-02,2018-03-02
114381,5,,,2017-07-04,2017-07-05
102418,1,,,2017-03-14,2017-03-16
123568,5,,El reloj es hermoso y la entrega fue muy r√°pida. ¬°Recomiendo!,2017-09-07,2017-09-07
190082,4,,,2018-07-26,2018-07-26
132274,5,,,2017-11-15,2017-11-16
150238,5,,,2018-02-09,2018-02-09
176671,5,,"¬°Me gust√≥! Peque√±o, f√°cil de usar, no se rasca y limpia la piel. Recomiendo",2018-05-18,2018-05-21
118661,1,,,2017-09-03,2017-09-06
176632,5,Super recomendaci√≥n,"Como siempre, excelente servicio.",2018-06-09,2018-06-11
172066,5,,,2018-04-27,2018-04-27
131640,1,,Hasta ahora no recibo el producto,2017-11-19,2017-11-22
125912,5,,,2017-09-28,2017-09-28
104047,4,,"Como siempre, Lannister ofrece correcto",2017-03-23,2017-03-27
107986,5,,,2017-05-10,2017-05-11
148932,5,,,2018-01-24,2018-01-24
149626,5,,"¬°Producto perfecto, lleg√≥ antes de la fecha l√≠mite!",2018-01-30,2018-02-01
101876,5,,,2017-02-25,2017-02-27
191662,5,El producto es muy bueno,"Muy bien el producto, mejor de lo esperado y se entreg√≥ a tiempo, realmente me gust√≥.",2018-08-07,2018-08-08
120159,1,,Muy buen producto y precio cobrado!,2017-08-17,2017-08-17
134586,5,,,2017-11-28,2017-12-11
126443,5,,SDDS,2017-10-04,2017-10-04
154330,5,,Muy buen producto.,2018-02-24,2018-02-25
118543,4,,,2017-08-18,2017-08-18
196036,5,√≥timo,,2018-08-16,2018-08-20
180192,5,,,2018-06-04,2018-06-04
112998,5,,,2017-06-21,2017-06-22
168674,5,,La entrega a tiempo es importante.,2018-04-18,2018-04-21
180739,5,10,"Realmente me gust√≥, el objeto vino al mismo tiempo comprado, ya compr√© en otras tiendas y vino otro color √± al que le gust√≥. Con Lannister todo est√° bien.",2018-06-19,2018-06-22
178183,5,,,2018-05-25,2018-05-25
151416,3,,"El dispositivo ha llegado con defecto, no presenta todas las funciones en la pantalla digital.",2018-02-16,2018-02-18
153962,5,,,2018-02-09,2018-02-14
182617,2,producto incorrecto,El producto no est√° en las medidas correctas indicadas en la oferta. Tendr√© que llamarte para intercambiar,2018-06-14,2018-06-15
163115,1,,Esperando un retorno urgente.,2018-04-15,2018-04-17
150485,4,,,2018-02-18,2018-02-27
134918,1,,"Producto m√°s que el momento de entregar, trato de resolver el problema con la compa√±√≠a y no puedo hablar con nadie. Todo lo que hacen es pasarme para quejarme en un sistema que no funciona.",2017-12-16,2018-01-04
153006,5,,,2018-02-16,2018-02-19
170596,3,,Solo recib√≠ un producto. Se informa que ya recib√≠ ambos. No recib√≠ el estante de zapatos.,2018-04-28,2018-04-29
110839,5,,,2017-06-06,2017-06-07
160930,1,,Daron una fecha l√≠mite muy larga para la entrega del producto y no pudieron entregar,2018-03-25,2018-03-25
113368,2,,Excelente producto que indico a cualquiera.,2017-07-18,2017-07-19
189821,5,excelente,Entrega correcta en el tiempo √≥ptimo.,2018-08-03,2018-08-06
193354,5,,,2018-08-08,2018-08-08
165215,4,,,2018-03-29,2018-03-30
164489,5,,,2018-04-04,2018-04-05
173039,1,,No recib√≠ el producto. ¬øY ahora?,2018-05-30,2018-05-30
151021,4,,,2018-02-01,2018-02-04
158078,2,,,2018-03-17,2018-03-17
144665,5,,,2018-01-07,2018-01-09
171520,5,,,2018-04-27,2018-04-27
193872,5,,,2018-08-17,2018-08-17
113966,3,,Lleg√≥ arrugado ...,2017-07-07,2017-07-08
131445,5,,,2017-11-18,2017-11-20
101650,5,,,2017-02-23,2017-02-25
192312,4,,,2018-08-15,2018-08-18
186678,4,,,2018-07-11,2018-07-11
100609,4,,¬°Recomiendo!,2017-02-03,2017-02-12
172279,5,,,2018-05-09,2018-05-17
142963,1,,"Compr√© una alfombra de goma para TR4 Mitsubishi, la tienda entreg√≥ una horrible alfombra de PVC
En el t√≠tulo Ta Rug Rubber Tr4,
Me enga√±an y ahora qu√© hacer es que hay gastos para regresar, para",2017-12-28,2017-12-28
107088,4,,,2017-05-24,2017-05-24
185868,5,me gust√≥,Gran perfume. Maravillosa fragancia. recomiendo,2018-07-12,2018-07-15
128657,5,,,2017-10-15,2017-10-16
142581,5,,,2017-12-22,2017-12-22
114004,4,,Muy bien y r√°pido y el producto lleg√≥ en buenas condiciones ahora e incluso hizo las pruebas.,2017-07-04,2017-07-05
190705,5,Plataforma,El producto super√≥ mi expectativa. El tiempo de entrega se anticip√≥ en 7 d√≠as. Ya me instal√© y fui espect√°culo.,2018-07-28,2018-07-28
169772,5,,,2018-04-19,2018-04-20
166448,4,,,2018-04-21,2018-04-27
192890,4,,,2018-08-03,2018-08-04
126710,5,,entrega r√°pida,2017-09-30,2017-10-03
125895,5,,,2017-09-23,2017-09-25
135330,4,,,2017-11-26,2017-11-27
127838,5,,"Pron√≥stico de entrega hasta 18/10, recib√≠ el 10/05, excelente.",2017-10-06,2017-10-06
187358,5,,,2018-07-10,2018-07-10
183315,3,PRODUCTO CON DEFECTO,Solicit√© la devoluci√≥n. PRODUCTO CON DEFECTO,2018-06-27,2018-06-28
174271,5,Regular,Compre en s√≠ es una buena l√°stima que el americano no sea de atenci√≥n al cliente,2018-05-10,2018-05-10
125158,5,,,2017-09-25,2017-09-27
116703,5,,Exactamente lo que necesitaba,2017-07-20,2017-07-21
112391,3,,"Encontr√© la calidad del producto muy mala, ning√∫n arbusto o tornillo se arregl√≥ en la pared.",2017-06-15,2017-06-19
165711,5,,"Gracias, llegaste muy r√°pido",2018-03-30,2018-03-30
136244,5,,,2017-12-07,2017-12-08
149812,4,,,2018-01-24,2018-01-26
156053,4,,El √∫nico problema es que el marcado de la fecha es el marcado estadounidense.,2018-03-11,2018-03-12
172379,4,Bien,Creo que el producto deber√≠a tener una fecha de vencimiento m√°s larga.,2018-05-15,2018-05-15
173083,3,,,2018-05-27,2018-05-29
174282,3,,,2018-05-25,2018-05-25
182682,5,,,2018-06-28,2018-06-30
131843,1,,,2017-11-12,2017-11-14
171116,5,Entrega antes de la fecha l√≠mite.,"Entrega antes de la fecha l√≠mite, recomiendo esta tienda.",2018-05-12,2018-05-13
184728,5,,,2018-06-29,2018-07-10
169864,1,,,2018-04-24,2018-04-26
102157,5,,espect√°culo,2017-03-03,2017-03-05
158256,1,,,2018-03-25,2018-03-27
194183,3,,"Buenas noches Las tiendas Lannister son geniales, me encanta el sitio hoy. Haga muy poca compra por abuso de flete, desafortunadamente no paga como antes, pero necesitamos comprar gracias",2018-08-15,2018-08-15
132597,1,,,2017-11-17,2017-11-18
120068,4,,,2017-08-20,2017-08-20
144227,1,,,2017-12-24,2017-12-25
158457,1,,,2018-03-22,2018-03-22
134343,5,,,2017-11-22,2017-11-23
184010,4,,,2018-06-23,2018-06-25
182891,5,,,2018-06-16,2018-06-19
148494,4,,,2018-01-25,2018-01-27
166998,5,,"Excelente producto, hermoso y sofisticado.",2018-04-22,2018-04-24
121706,4,,La factura no vino,2017-08-25,2017-08-28
173410,5,Super recomendaci√≥n,"Muchas gracias, porque recib√≠ el producto correcto como se encuentra en el sitio, la entrega fue s√∫per r√°pida. Estaba muy contento y definitivamente me referir√© al amigo.",2018-05-08,2018-05-10
116064,5,,Producto de entrega r√°pida como se anuncia,2017-07-14,2017-07-17
164942,5,,,2018-03-30,2018-04-02
199135,5,,,2018-08-31,2018-08-31
140987,1,,"Mi producto a√∫n no ha sido entregado, he presentado mi queja y hasta ahora no he tenido ning√∫n pron√≥stico de entrega. Estoy s√∫per insatisfecho y quiero que me devuelvan mi dinero. Fui a denunciar a Procon.",2018-01-07,2018-01-07
102604,1,,La cortina no es el modelo que orden√©. |,2017-03-10,2017-03-13
160117,3,,La impresi√≥n est√° saliendo con pintura d√©bil ...,2018-03-23,2018-03-25
156269,5,,,2018-03-04,2018-03-05
117710,5,,,2017-08-08,2017-08-10
151762,1,,¬øCompr√© rosa con brazos blancos y ofrec√≠ todo negro?,2018-02-24,2018-02-25
105545,1,,Necesito un pron√≥stico.,2017-04-22,2017-04-24
121097,5,,Estoy muy satisfecho llegu√© antes de la fecha l√≠mite que recomiendo,2017-08-25,2017-08-28
126899,5,,,2017-10-11,2017-10-14
146333,4,,El producto lleg√≥ antes de la fecha l√≠mite y cumpli√≥ completamente con mis expectativas.,2018-01-17,2018-01-18
177633,5,,,2018-05-19,2018-05-21
177956,3,Bom,,2018-05-23,2018-05-23
108384,4,,"Entrega a tiempo, producto sin ning√∫n problema",2017-05-12,2017-05-15
169944,5,,,2018-04-25,2018-04-26
196800,5,muy bien,bien,2018-08-21,2018-08-22
102524,5,,Buena calidad y precio.,2017-03-04,2017-03-08
154997,5,,,2018-02-23,2018-02-26
195122,5,,,2018-08-17,2018-08-22
128612,3,,,2017-10-22,2017-10-31
177347,3,,,2018-05-18,2018-05-21
106831,5,,Siempre entregue antes de la fecha l√≠mite.,2017-05-01,2017-05-02
174470,5,,,2018-05-10,2018-05-11
146912,5,,,2018-01-20,2018-01-21
157719,5,,,2018-03-08,2018-03-08
177759,5,recomiendo,muy bueno. Super recomiendo. Siempre bien.,2018-05-19,2018-05-22
105200,3,,"¬°Buenos chicos, el asistente de Lannister estaba muy atento, pero la tienda que deber√≠a haberme dado el producto cancelado para comprar? Qu√© pas√≥ ???",2017-04-29,2017-04-29
191337,5,,,2018-08-04,2018-08-06
165317,5,,Entregado antes de la fecha l√≠mite! ¬°Producto perfecto!,2018-04-06,2018-04-07
161435,5,,,2018-03-21,2018-03-22
168888,5,,"Se lo recomiendo a todos, no ten√≠a ning√∫n problema, productos y excelentes plazos.",2018-04-18,2018-04-19
125523,5,,Me gust√≥ haber comprado esta tienda. Servicio perfecto.,2017-09-24,2017-09-26
171250,4,,,2018-05-05,2018-08-05
196239,5,,,2018-08-22,2018-08-29
105460,3,,"Compr√© una silla, recib√≠ a tiempo, pero la silla se rompi√≥ en la parte inferior. Podr√≠a ser m√°s cuidadoso en el empaque.",2017-04-13,2017-04-17
158816,5,,Siempre compro y siempre recibo el producto correcto dentro o antes de la fecha l√≠mite,2018-03-03,2018-03-07
155664,5,,,2018-02-22,2018-02-23
151027,5,,ENTREGA MUY RAPIDA,2018-02-01,2018-02-02
154263,5,,,2018-02-19,2018-02-21
101233,5,,,2017-02-11,2017-02-15
160209,5,,,2018-03-14,2018-03-15
135589,5,,El producto fue entregado mucho antes de la fecha l√≠mite.,2017-11-29,2017-12-01
127657,4,,,2017-10-17,2017-10-20
174890,5,Excelentes productos,No lo he instalado todav√≠a me gust√≥ mucho,2018-05-12,2018-05-15
183361,5,,,2018-06-20,2018-06-21
174717,5,Excelente l√°mpara,Buen producto. Entrega r√°pida. recomiendo,2018-05-15,2018-05-19
195526,5,recomendo a todos.otima.,,2018-08-16,2018-08-16
102235,5,,Producto recibido a tiempo y en perfectas condiciones.,2017-03-07,2017-03-08
188674,5,Lleg√≥ antes de la fecha l√≠mite,muy bien,2018-07-27,2018-08-22
132649,5,,,2017-11-28,2017-11-29
116802,5,,,2017-07-27,2017-08-08
133872,1,,"¬°Recib√≠ otra mu√±eca, quiero regresar y no puedo contactarla! ¬°Nunca volver√≠a a comprar esta tienda!",2017-12-07,2017-12-11
127122,3,,"Gran compra
Pero la carga no paga, pesa el presupuesto.
Deber√≠a tener env√≠o gratis
",2017-10-20,2017-10-23
127252,5,,En,2017-10-07,2017-10-08
168853,4,,"El producto lleg√≥ como imaginaba, por ahora estoy disfrutando
",2018-04-17,2018-04-19
190664,5,,,2018-08-07,2018-08-07
167828,5,,,2018-04-19,2018-04-25
197723,5,Muy buen americano,Gran entrega r√°pida gracias,2018-08-25,2018-08-25
171669,5,Excelente,,2018-05-11,2018-05-11
197962,2,Entrega de paquetes,Creo que deber√≠a haber una forma de comunicarse con la empresa si se entrega para no ser entregado,2018-08-31,2018-08-31
132815,5,,"Buen producto, buen momento ...",2017-11-08,2017-11-13
129538,5,,,2017-10-26,2017-10-27
125627,5,,Muy bien. Ya es el segundo objeto que compro y recib√≠ sin ning√∫n problema.,2017-10-13,2017-10-16
195656,3,,,2018-08-21,2018-08-21
139419,5,,Hermosa y buena calidad. me gust√≥,2017-12-08,2017-12-10
186269,5,,,2018-07-06,2018-07-09
189015,5,,,2018-07-27,2018-07-31
169433,5,¬°Excelente!,El producto lleg√≥ antes de la fecha l√≠mite.,2018-04-29,2018-04-29
109411,4,,,2017-05-20,2017-05-21
171352,2,,,2018-04-27,2018-05-02
141436,5,,,2017-12-09,2017-12-11
105882,4,,,2017-04-12,2017-04-17
116127,5,,,2017-07-20,2017-07-20
119022,4,,,2017-08-08,2017-08-15
114890,1,,"Buenas noches, no me gust√≥ porque nunca podemos hablar contigo por tel√©fono
",2017-07-18,2017-07-22
125764,5,,Compromiso del vendedor del cliente,2017-10-07,2017-10-07
171505,4,,,2018-04-26,2018-04-27
119071,1,,,2017-08-11,2017-08-12
118912,3,,"El producto no cumpli√≥ con mis expectativas, porque las ollas son dif√≠ciles de abrir y cerrar y la bandeja donde las macetas van con puntos de √≥xido.",2017-08-08,2017-08-09
153551,5,,,2018-02-15,2018-02-15
191066,5,,,2018-07-29,2018-07-31
154087,4,,,2018-02-28,2018-03-04
142132,4,,,2017-12-21,2017-12-23
127305,5,,Suministro muy satisfecho s√∫per r√°pido .. Mostrar ... Felicitaciones ... Dud√© y compr√© un tel√©fono celular en Casas Bahia tiene casi un mes y no entreg√≥.,2017-10-03,2017-10-04
171218,5,,,2018-05-15,2018-05-15
168929,4,Recomendo!,,2018-04-26,2018-04-26
181947,3,,,2018-06-12,2018-06-14
105669,5,,excelente,2017-04-18,2017-04-19
112799,5,,Todos cien dentro de la fecha l√≠mite,2017-06-23,2017-06-23
159759,3,,,2018-03-29,2018-03-29
120341,1,,No recib√≠ el juego en color de tabaco. Solo el rojo.,2017-08-17,2017-08-18
138669,5,,,2017-12-13,2017-12-14
129839,1,,"No fue entregado a mi casa, as√≠ que no me gust√≥, no tengo tiempo para ir a la oficina de correos ...",2017-11-07,2017-11-07
107348,4,,,2017-05-16,2017-05-21
133421,5,,Compra perfecta.,2017-11-15,2017-11-21
144578,5,,,2017-12-30,2018-01-02
177372,3,,,2018-05-19,2018-05-21
105079,5,,,2017-03-30,2017-04-02
148107,5,,,2018-01-23,2018-01-23
110785,3,,,2017-05-30,2017-05-31
131461,1,,El producto vino malcriado,2017-11-04,2017-11-06
138794,4,,,2017-12-10,2017-12-11
177404,4,,,2018-05-22,2018-05-24
161132,1,,"Mi mercanc√≠a no fue entregada, ya pagu√© la primera factura. Quiero cancelar la compra porque pagu√© el flete y no recib√≠ los productos.
",2018-03-31,2018-03-31
170964,1,Mal estado,"El producto ya ha llegado con defectos no jodidos seg√∫n mi necesidad de uso. Desafortunadamente, la √∫ltima compra mi totalmente insatisfecho.",2018-05-01,2018-05-04
162719,5,,,2018-03-22,2018-03-22
173006,5,,,2018-05-08,2018-05-10
181347,3,,Recib√≠ solo 1 caja con 100 unidades y ped√≠ 2 cajas.,2018-06-15,2018-06-18
185153,5,,,2018-07-04,2018-07-05
173001,5,√ìtima ,,2018-05-10,2018-05-13
141916,1,,Compr√© dos colgantes que solo lleg√≥ uno. ¬øNecesito saber qu√© pas√≥?,2017-12-31,2018-01-03
176591,4,Bien,"Recomiendo esta entrega de la tienda correcta
",2018-05-16,2018-05-16
168585,4,,"¬°Todo seg√∫n y ofrece muy r√°pido! Qu√© l√°stima no revis√© el color, porque era negro y necesitaba gris. Otro punto que tuve que lijar poco para trabajar, pero nada.",2018-04-18,2018-04-18
147037,5,,,2018-01-20,2018-01-21
172024,5,,,2018-05-01,2018-05-02
135633,5,,Entrega r√°pida y correcta,2017-12-21,2017-12-21
146237,4,,El producto es f√°cil de ensamblar y sirve perfectamente el prop√≥sito de optimizar el espacio.,2018-01-17,2018-01-18
105134,4,,,2017-04-11,2017-04-13
197081,4,,,2018-08-22,2018-08-22
156110,1,,El producto vino con arrugas y tampoco funciona correctamente.,2018-03-07,2018-03-12
159432,4,,Me gusta el producto,2018-03-13,2018-03-14
175777,5,,,2018-05-16,2018-05-17
158357,5,,,2018-03-07,2018-03-12
180247,5,Muy bien,Producto de gran calidad,2018-06-20,2018-06-22
158808,3,,,2018-03-22,2018-03-25
146408,5,,,2018-01-17,2018-01-17
141159,1,,He estado esperando m√°s de veinte d√≠as y a√∫n no he recibido mi producto y no puedo obtener ninguna informaci√≥n.,2018-01-11,2018-01-11
149085,5,,,2018-01-27,2018-01-28
100758,5,,,2017-02-02,2017-02-03
110272,1,,Estoy esperando que la compa√±√≠a devuelva el producto.,2017-06-06,2017-06-07
187340,1,Meu produto n√£o chegou,,2018-08-02,2018-08-02
130817,5,,,2017-10-28,2017-10-29
177712,5,,,2018-05-24,2018-06-05
167369,1,,El proveedor no envi√≥ el producto correcto. Solicit√© el sabor de chocolate y me enviaron otro sabor.,2018-04-13,2018-04-13
153720,5,,Recomiendo esta tienda.,2018-02-23,2018-02-24
145245,5,,,2018-01-12,2018-01-14
121101,5,,,2017-08-30,2017-08-31
125101,5,,Gran producto.,2017-09-20,2017-09-21
188500,5,,,2018-07-25,2018-07-26
186408,5,Excelente,Excelente,2018-07-06,2018-07-07
103266,4,,,2017-03-11,2017-03-12
161762,5,,"Contin√∫e, con esta responsabilidad con el consumidor, tanto en el producto como en el tiempo de entrega. La primera vez que compra y comprar√© muchos. Gracias.",2018-03-17,2018-03-24
135353,5,,"Me gust√≥. Moderno, hermoso, mi esquina de caf√© ser√° la parte superior",2017-12-02,2017-12-05
186639,4,Recomendar√≠a que s√≠,"Bueno, eso es lo que esperaba.",2018-07-11,2018-07-15
115369,4,,"Todo sali√≥ como combinado, nada de qu√© quejarse.",2017-07-11,2017-07-12
117255,5,,,2017-07-29,2017-07-30
130680,5,,,2017-10-31,2017-11-04
116132,5,,,2017-08-04,2017-08-05
166897,4,,"F√°cil de manejar, hasta el presente cumple con las expectativas.",2018-04-17,2018-04-17
184016,5,recomiendo,Hermosa entrega de reloj antes de la fecha l√≠mite,2018-06-23,2018-06-24
120615,5,,,2017-08-22,2017-08-22
114690,4,,,2017-07-15,2017-07-15
131730,5,,,2017-11-04,2017-11-05
197661,4,Notbuk Cover,Lleg√≥ como el m√°s hermoso anunciado.,2018-08-31,2018-08-31
188587,5,,,2018-07-21,2018-07-24
160519,5,,Conductas del producto con el anuncio,2018-03-11,2018-03-13
144257,1,,El producto a√∫n no ha llegado,2018-01-23,2018-01-23
111447,4,,"Satisfecho, lo recomiendo",2017-06-06,2017-06-08
155293,4,,,2018-02-23,2018-02-26
110185,5,,,2017-06-02,2017-06-02
117363,5,,"Me encant√≥, vino r√°pidamente, todav√≠a lo probar√©. ¬°Gracias!",2017-07-29,2017-07-31
119074,5,,,2017-08-11,2017-08-12
111379,5,,,2017-06-06,2017-06-07
113219,5,,"Realmente disfrut√© lo que compr√© con ustedes, gracias muy pronto, har√© otras compras vanda",2017-07-12,2017-07-12
179727,4,,,2018-06-13,2018-06-15
176832,1,Entrega tard√≠a,A√∫n no recib√≠ el producto...,2018-05-24,2018-05-25
147617,4,,"Recib√≠, la bolsa es diferente, pero me gust√≥ que estaba programado para el 31 de enero, estaba encontrando mucho tiempo porque es para la escuela y estoy esperando el valle de compra de la primera compra de la bolsa que no funcion√≥.",2018-01-20,2018-01-21
186847,4,,,2018-07-06,2018-07-09
123024,5,,"Recib√≠ el producto que quer√≠a y antes de la fecha l√≠mite acordada, muy bien, lo recomiendo con seguridad.",2017-09-07,2017-09-08
107399,5,,,2017-05-07,2017-05-12
131108,3,,"En la publicidad se escribe con un mezclador el√©ctrico y lleg√≥ una computadora port√°til que tengo tres que se rompieron, as√≠ que quer√≠a un electricidad, deber√≠a especificar mejor los productos.",2017-10-31,2017-11-01
176283,5,,,2018-05-19,2018-05-20
122933,5,,,2017-09-14,2017-09-17
107636,4,,,2017-05-03,2017-05-04
147807,5,,Producto entregado antes de la fecha l√≠mite acordada. Esta no es la primera vez que estoy comprando el sitio web de Lannister Lojas y recomiendo que una compa√±√≠a de este tipo sea seriamente trato con los clientes.,2018-01-13,2018-01-14
170228,1,Compr√© 2 productos,¬°Compr√© 2 productos solo enviados 1 y N me dio justificaci√≥n!,2018-04-27,2018-05-07
159895,3,,,2018-03-22,2018-03-22
141981,4,,,2018-01-07,2018-01-09
150349,4,,,2018-01-27,2018-01-30
145963,4,,Gracias muy bien.,2018-02-03,2018-02-06
119953,4,,*******************,2017-08-24,2017-08-28
131109,5,,Como se esperaba,2017-11-01,2017-11-02
144130,5,,,2018-01-05,2018-01-09
196763,5,,,2018-08-23,2018-08-24
164295,5,,Recib√≠ antes de la fecha l√≠mite estimada.,2018-04-04,2018-04-05
188411,5,Muy bien,Me imagin√© que la mu√±eca era m√°s grande. M√°s es genial,2018-07-24,2018-07-26
108040,2,,"Tuve un problema con la entrega, porque no hab√≠a nadie en casa para recibir los productos en el momento en que pasaron.",2017-06-10,2017-06-10
178908,4,,,2018-06-10,2018-06-10
192782,5,,,2018-08-16,2018-08-21
103015,5,,"Atento, llamado para hacer seguimiento. Buena fecha de vencimiento. Tom√≥ mucho tiempo llegar. Ahora es verificar la calidad del producto.",2017-03-30,2017-03-30
126720,5,,,2017-09-30,2017-10-02
175396,5,,"Muy eficiente entregado muy r√°pido, recomiendo",2018-05-10,2018-05-10
152517,5,,,2018-02-17,2018-02-19
129965,3,,Muy hermoso el reloj!,2017-10-24,2017-10-24
118946,5,,,2017-08-12,2017-08-12
167455,5,,Excelente producto y entrega a tiempo,2018-04-19,2018-04-20
130719,4,,"Lleg√≥ antes de la fecha de la fecha l√≠mite, ¬°pero filtr√≥ un poco del producto!",2017-11-04,2017-11-05
176058,5,,,2018-05-18,2018-05-21
122746,5,,,2017-08-31,2017-09-12
171049,4,,,2018-05-10,2018-05-13
171555,5,,,2018-05-10,2018-05-11
109007,5,,,2017-05-18,2017-05-19
135784,5,,,2017-12-09,2017-12-11
101886,4,,,2017-02-22,2017-02-23
119871,5,,,2017-08-18,2017-08-21
171955,5,,,2018-05-06,2018-05-08
126290,5,,,2017-10-11,2017-10-13
169330,4,,,2018-04-21,2018-04-24
100580,5,,"Cada vez que compro con ustedes mis art√≠culos llegan en perfectas condiciones ...
",2017-01-26,2017-01-27
148596,5,,Producto entregado antes de la fecha l√≠mite en excelentes condiciones.,2018-01-27,2018-01-31
188393,3,Bien,Muy bien.,2018-07-24,2018-07-25
182979,5,,,2018-06-19,2018-06-20
124564,5,,Entrega s√∫per r√°pida. Producto de gran calidad. Recomiendo.,2017-09-17,2017-09-19
179617,5,,,2018-06-21,2018-06-21
173919,5,√ìtimo! ,,2018-05-11,2018-05-14
114789,5,,"Hermoso producto, genial",2017-07-08,2017-07-09
134808,5,,,2017-12-10,2017-12-11
102560,3,,,2017-03-24,2017-03-25
191377,1,,,2018-07-31,2018-08-01
194647,5,,,2018-08-17,2018-08-18
166847,5,,excelente,2018-04-06,2018-04-09
121595,3,,"Se espera m√°s, las toallas podr√≠an ser m√°s gruesas.",2017-09-06,2017-09-07
157695,4,,Entrega un d√≠a antes esperado,2018-03-11,2018-03-14
107705,4,,"Se tarda un tiempo en calentarse, incluso a la m√°xima potencia 5. pero sirve bien. En los rimadores de uso, tiene un olor a medio rubiante que arde, pero pasa ... Recomiendo la practicidad y el costo/beneficio.",2017-05-06,2017-05-15
143918,5,,,2017-12-28,2017-12-29
159947,5,,"Fue entregado bien lleno.
Entrega r√°pida como prometida
Completa la imagen.",2018-03-17,2018-03-18
133214,5,,,2017-11-18,2017-11-19
108058,5,,Todo sucedi√≥ de manera eficiente,2017-05-10,2017-05-12
129935,5,,El producto lleg√≥ antes de la fecha l√≠mite y en perfectas condiciones.,2017-10-30,2017-10-30
149959,5,,,2018-01-31,2018-01-31
186983,5,,,2018-07-10,2018-07-10
165170,4,,,2018-04-12,2018-04-13
162039,5,,,2018-03-16,2018-03-17
162442,2,,"El producto no corresponde a lo que compr√©, la pel√≠cula es mucho m√°s peque√±a que la pantalla del tel√©fono y no cubre toda la pantalla.",2018-03-21,2018-03-23
123782,5,,"Producto como se anunci√≥, y lleg√≥ antes de la fecha l√≠mite ... perfecta",2017-09-12,2017-09-12
180175,4,Producto entregado,Buen producto y entregado antes de lo esperado.,2018-06-02,2018-06-04
181788,4,Bien,"Todav√≠a no lo he usado, pero parece ser muy bueno.",2018-06-16,2018-06-17
195611,4,,,2018-08-21,2018-08-22
161799,1,,El producto fue remitido a la Ciudad del Destino el 31 de marzo y hasta ahora no he recibido.,2018-04-11,2018-04-11
159497,4,,,2018-03-25,2018-03-31
131197,5,,,2017-10-31,2017-11-03
