IdOpinion,IdOrden,puntaje,titulo,mensaje,fecha_opinion,fecha_respuesta
7bc2406110b926393aa56f80a40eba40,147671,4,,,2018-01-18,2018-01-18
80e641a11e56f04c1ad469d5645fdfde,159283,5,,,2018-03-10,2018-03-11
228ce5500dc1d8e020d8d1322874b6f0,153253,5,,,2018-02-17,2018-02-18
e64fb393e7b32834bb789ff8bb30750e,106278,5,,Recibí mucho antes de la fecha límite.,2017-04-21,2017-04-21
f7c4243c7fe1938f181bec41a392bdeb,154849,5,,Felicitaciones a las tiendas Lannister Me encantó comprar Internet Felicitaciones seguras y prácticas a todos los felices Pascua de Pascua,2018-03-01,2018-03-02
15197aa66ff4d0650b5434f1b46cda19,168004,1,,,2018-04-13,2018-04-16
07f9bee5d1b850860defd761afa7ff16,114847,5,,,2017-07-16,2017-07-18
7c6400515c67679fbee952a7525281ef,194814,5,,,2018-08-14,2018-08-14
a3f6f7f6f433de0aefbb97da197c554c,108876,5,,,2017-05-17,2017-05-18
8670d52e15e00043ae7de4c01cc2fe06,177136,4,recomiendo,"Aparato eficiente. En el sitio, la marca del dispositivo se imprime como 3desinfector y cuando llega con otro nombre ... actualice con la marca correcta ya que es el mismo dispositivo",2018-05-22,2018-05-23
c9cfd2d5ab5911836ababae136c3a10c,142755,5,,,2017-12-23,2017-12-26
96052551d87e5f62e6c9f6974ec392e9,141184,5,,,2017-12-19,2017-12-20
4b49719c8a200003f700d3d986ea1a19,155311,4,,"Pero un poco, bloquear ... porque el valor es bueno.
",2018-02-16,2018-02-20
23f75a37effc35d9a915b4e1ad483793,164505,4,,,2018-03-28,2018-03-30
9a0abbb668bafb95a6d2b05db43284c4,107253,3,,,2017-04-30,2017-05-03
3948b09f7c818e2d86c9a546758b2335,178524,5,Super recomendación,"Vendedor confiable, producto OK y entrega antes de la fecha límite.",2018-05-23,2018-05-24
9314d6f9799f5bfba510cc7bcd468c01,143910,2,,"Me gustaría saber lo que pasó, siempre recibí y esta compra ahora me decía",2018-01-18,2018-01-20
8e15a274d95600fa14f8be64e37a0e67,164347,5,,,2018-03-24,2018-03-26
fdbdb2629a7cde0f66657acc92084e7f,126084,3,,,2017-09-29,2017-10-02
373cbeecea8286a2b66c97b1b157ec46,193926,1,Mi producto no llegó,Horrible,2018-08-15,2018-08-15
a2ff510ca4e059c3fefc7a7866571f6f,125052,4,,,2017-10-06,2017-10-08
80c70bc263881ba6525f6cee1d94ac87,159022,5,,,2018-03-17,2018-04-04
d21bbc789670eab777d27372ab9094cc,187356,5,Excelente,Nota 10 tienda,2018-07-10,2018-07-11
7bcb3c758c67f23638262c731493e848,122789,5,,,2017-09-09,2017-10-17
0e0190b9db53b689b285d3f3916f8441,135738,5,,Gracias por el atento amim despedido,2017-12-01,2017-12-09
66e4430c5bc6b7e3773886bf1c14d912,113288,5,,,2017-06-23,2017-06-27
bf566b3910c328733baf7fca7d2be041,130348,4,,,2017-11-01,2017-11-01
fe3db7c069d694bab50cc43463f91608,163482,5,,"La compra se realizó fácilmente.
La entrega se realizó mucho antes de la fecha límite.
El producto ya ha comenzado a usarse e incluso el presente,
sin problemas.",2018-03-23,2018-04-01
e07eee7ad7666276bd8b27fbd83fd1ff,161784,5,,Reloj muy hermoso y barato.,2018-03-29,2018-04-02
2c5e27fc178bde7ac173c9c62c31b070,136341,1,,No me gustó ! Compré gato por liebre,2017-12-13,2017-12-16
540e7bbb2d06cfb7f85f3a88ba7ac97f,147690,5,,,2018-01-18,2018-01-18
6a18a4001ae7fd911b3b9fb13686d105,115721,5,,,2017-07-19,2017-07-20
58044bca115705a48fe0e00a21390c54,163048,1,,"Compre siempre a través de Internet y la entrega ocurre antes de la fecha límite acordada, que creo que es la fecha límite máxima. En Stark, el plazo máximo ya se ha agotado y no ha recibido el producto.",2018-04-08,2018-04-09
19a52a2297e5289ab4187d238d335982,196753,5,,,2018-08-25,2018-08-26
c92cdd7dd544a01aa35137f901669cdf,178475,4,Muy bien.,"Recibí exactamente lo que esperaba. Los otros pedidos de otros vendedores se retrasaron, pero llegaron a tiempo.",2018-06-07,2018-06-09
c0f4c8301f8c29d6f53d239e194bb4c2,122761,5,,,2017-09-12,2017-09-13
08c9d79ec0eba1d252e3f52f14b8e6a9,180609,5,Bien,"Recomiendo ,",2018-06-13,2018-06-13
2170c9452c2216457b36003fe2969fbb,162354,5,,muy buena,2018-03-22,2018-03-30
b193ff3c9f32a01f3a0d9ae26b94d244,191968,5,¡Maravilloso!,"¡Estoy completamente enamorado, una tienda súper responsable y confiable!",2018-08-10,2018-08-11
9fd59cd04b42f600df9f25e54082a8d1,104219,1,,No hay orden para llegar.,2017-04-21,2017-04-23
ab3056e4fb5a36df4b58c1746e4a6b8f,171967,2,,,2018-05-13,2018-05-14
eb26c2bfb5030f57dcef30d3f111eb1e,146302,1,,,2018-02-08,2018-02-10
caf7d6d68090fedf0f47b27aff4b4eaf,138452,5,,,2017-12-05,2017-12-07
86c5cfa7fcbde303f704b60a78ced7d6,182290,5,Entrega perfecta,Muy bien. Muy buen aroma.,2018-06-13,2018-06-14
6f3eb43ec2f5092cf04c8d705864a8ac,158757,5,,,2018-03-11,2018-03-14
3dc0777d97733a1d066f5b781e91577f,159795,4,,,2018-03-29,2018-03-31
e363a3c172db72d6a8b82d0726cd2ddb,148992,5,,,2018-01-25,2018-02-18
890ec1767be8eb104877db6d68eaade5,108719,5,,"El gran vendedor llegó antes de la fecha límite, me encantó el producto.",2017-05-13,2017-05-14
23f570a1b0db9566bee04521a0410c54,125088,5,,,2017-09-22,2017-09-23
7d9ac3e98adc0c8ad579e6a2257d79f9,167896,5,,Proceso de compra tranquilo y eficiente.,2018-04-24,2018-04-25
c41bd21983e298a240410ebb391bf075,108849,5,,Espero que dure porque es del cabello.,2017-05-19,2017-05-21
e233e51d11511bf30e568c76360ace52,147393,1,,"Recibí solo 1 estilo de control de Midea de control.
Control remoto perdido para el cónsul de aire acondicionado",2018-01-28,2018-02-04
1a74d76543e1b419b48daebee364c281,188389,5,,,2018-07-14,2018-07-16
1edd1a85161468a77e5fcb165be9b294,172525,5,Ótimo,,2018-06-02,2018-06-02
94c4db81ff5c234f53b54a15a8a41583,139635,5,,,2017-12-15,2017-12-17
3d94fd645cdaacc8c9f0dc0a2a1f5166,104209,5,,bien,2017-03-21,2017-03-22
cb6fe4f91f83d9222b7c8e14959055e1,173439,3,,,2018-05-10,2018-05-13
45a523faa4defdf60118a90301b8a23e,128162,3,,,2017-10-27,2017-10-27
6eab2c9b7ea4975a0b0357a4c464b356,176912,4,,,2018-05-31,2018-06-04
500c05500aa275953129f49799ee5c73,188314,5,Muy hermoso,Muy hermoso,2018-07-25,2018-07-25
399133d47ddc5f40df57c1ceba4e4540,165416,5,,,2018-04-03,2018-04-03
6a0969d0769d2f3ff6438809a1cc455e,110857,5,,"Todo ocurrió como contratado siendo la entrega realizada antes de la fecha límite
 Estoy satisfecho
",2017-06-02,2017-06-03
8a64945e89526e68bc16383391590232,168812,5,,"Me encantó, lo encontré hermoso, muy delicado, me encantó",2018-04-18,2018-04-18
ca7402594d96f3231ee1bbae27da1e29,154172,5,,,2018-02-20,2018-02-21
c0dbf9a325d2a2fece43873be47191e1,166656,4,,"Gran tienda de asociación: ¡productos muy rápidos, bien empaquetados y de calidad! Solo el costo de la carga que era un poco agrio.",2018-04-04,2018-04-06
9924ac6169f2edc95ca3394e529f9580,153812,5,,,2018-02-27,2018-03-02
e12a8d938f3092e010627d001f91d137,178037,5,,,2018-06-03,2018-06-06
109b5ce2dd11bb8460eff3b86da6fefc,195283,5,¡Gran producto!,Recomiendo al vendedor ...,2018-08-17,2018-08-17
6d06808638ec0701bccd70bc8d462c28,100117,1,,"El producto no llegó dentro del tiempo estipulado y causó inconvenientes, porque programé el viaje de vacaciones de mi hijo, según el tiempo. Vivo en Bahía y él solo en Cuiabá. Ahora la casa está vacía.",2016-12-09,2016-12-19
750d4311e8ddb6cba549ee86f06f0cca,118096,5,,"Producto entregado según lo solicitado, y muy brevemente. ¡Felicidades!
",2017-08-09,2017-08-09
951a3591f5bcc0b0c558461c9bf49d8e,187297,3,,,2018-07-14,2018-07-14
77ed4f94b3638d1f0b0a2dd781c11a8c,163342,5,,,2018-04-10,2018-04-12
2a3eba09af2fbcd3a20580e62e7b7465,147810,4,,,2018-01-31,2018-02-01
8b230a1373c6dc4bd867099fda1d7039,131440,3,,"Compré dos unidades y solo recibí una y ahora, ¿qué hago?",2017-11-09,2017-11-10
4a1c0e7a111f33f2be53506db4887b1a,198980,5,,,2018-08-28,2018-08-29
cb2fc3e5711b5ae85e0491ee18af63ed,148374,3,,"Buen producto, pero lo que me vino no coincide con la foto del anuncio.",2018-01-31,2018-01-31
60c714ed14cef913944a3147094a4742,184487,1,,"Producto mucho más bajo, mal terminado.",2018-07-03,2018-07-05
b42460e68676135205af8b8c13baf6ae,115889,5,,,2017-07-29,2017-08-01
505587fad6e7130f579fe9f02017ede4,182168,4,,,2018-06-14,2018-06-18
c45811d9f90e22a81155b3a1e4a5c2e8,182018,5,¡Siempre lo recomiendo!,¡La mochila Kit Cane Patrol es hermosa! ¡Mi nieto amará! ¡¡Gracias!!,2018-06-19,2018-06-19
e29ab4a671400c41322e4855de633c6a,118594,5,,Preguntarse,2017-08-09,2017-08-11
c577faa817a66c6f1492728435f53cd0,143253,5,,,2018-01-12,2018-01-14
8c6537ae1519a3c0375e4fd45438344b,167341,5,,,2018-04-06,2018-04-07
34e5d18f3bb64d586812f8f1d8b53097,104923,4,,,2017-03-31,2017-04-01
5733e2aeeb52b99d044a2a3644e1305d,156543,5,,,2018-02-23,2018-02-23
a34d2c4ace97245460e240e07db0212d,175586,5,,,2018-05-15,2018-05-20
9bdb93e1339cdbc9bbfd95c5df00f82b,168920,5,,,2018-04-24,2018-04-25
0bd4dcc4f6c4621baf37f73495cad8c4,103734,3,,Entrega a tiempo,2017-03-23,2017-03-23
888f11883ff85fa5c07e6ae1192d85c4,143490,5,,Cumplió lo prometido en la compra y con una entrega satisfactoria,2018-01-04,2018-01-05
65dfeb60c40e3cbb0a1838285d86f885,155787,1,,Pedí reembolso y sin respuesta hasta ahora,2018-03-08,2018-03-08
50a1eaa2f96d6f3e02d0cd68d92bab75,175381,5,***** Recomiendo,Súper rápido.,2018-05-10,2018-05-11
1090909faae22e5ab76903e8493063f1,156676,1,,,2018-03-07,2018-03-07
7b2d3a4794961271f9150b21fecfeed0,164780,5,,,2018-04-06,2018-04-08
31b63ea961f9f43c21209d729d1c78e5,190770,5,,,2018-08-17,2018-08-31
4d36f8266245b00faebc520e9cd963c0,152435,2,,,2018-03-17,2018-03-17
71bc170a5ad41ee9dee95f82a17860a8,117404,5,,,2017-08-03,2017-08-03
c5be8de5421e658a45042d6ca6a4ff64,137805,5,,,2017-12-12,2017-12-13
0c8b57ea62de568f13a0e101d344977e,114647,5,,,2017-07-12,2017-07-13
edfbad2944ea758725486c3bbcd04f49,162915,3,,,2018-03-28,2018-03-31
bbf6c18e7c5a88b6adcb69af3b971207,128790,5,,,2017-10-31,2017-11-06
436f71c9cc0c1aab7f51dc0cd0820516,133240,5,,"Satisfecho
",2017-11-22,2017-11-22
a47baae36cb2d3f2d8ab6449aee69ee4,137433,4,,,2017-12-19,2017-12-22
b83bcebb69cf373474b4cc3b10eb0bcc,139548,4,,,2017-12-13,2017-12-15
97d4feff1fd7129bee6cde095b9dac2a,113505,5,,"son de parabenos ... siempre llega con mucha prioridad.

Muchas gracias....",2017-06-24,2017-06-29
352609f0f2d34ce5d3b8de817ee948d5,192408,3,Não recebi o produto.,,2018-08-25,2018-08-25
28f275d52ccd8b6614b71430481450fd,182505,5,,,2018-06-21,2018-06-21
d23ac17822a812782cf7f848b2a8b38b,166672,1,,,2018-04-22,2018-04-26
52844d80504646db0b746167070b9db0,174822,5,,,2018-05-10,2018-05-11
1692078634b63c7f25aa90ee746ec498,176353,5,EXCELENTE,"Ok, lo recomiendo",2018-05-23,2018-05-28
7df70380ca80dea85f0a7f1f57fa2f87,150484,5,,,2018-01-30,2018-01-30
ff722b4c68783a4459a3adb9bb4e1d0d,146519,3,,"El producto ha llegado, pero mi PC no pudo reconocer los puertos USB.",2018-01-16,2018-01-18
8055e963f26f70c406ca517b2c2848e6,142070,5,,"Producto de muy buena calidad, llegó antes de la fecha límite prometida",2017-12-17,2017-12-19
7404a400814a04b9776eb50e1ef725d8,129769,5,,,2017-10-24,2017-10-25
c2babb5fd0e3e13707274820a7227d25,192255,5,,,2018-08-02,2018-08-03
e128c3709dfb7fe87f162f7b34d1cc92,161133,5,,,2018-03-16,2018-03-17
ae728c1061bf163b4bd256ad9ee0bb83,144128,1,,"Esta fue la solicitud
Cubo con 128 piezas - bloques de montaje 2 un - r $ 25,00 cada uno (no entregado)
Targaryen vendido y entregado
Eva alfombra nº letras 36 piezas niños 1 un - r $ 35,90 (esto fue",2018-01-04,2018-01-10
41926e45719f9b923357ea3bb222195f,121804,5,,"Entrega muy rapida
Felicidades",2017-08-29,2017-08-29
2dfefb93bf83b269520fd5b13c917c31,130019,5,,,2017-10-26,2017-10-26
f195f1c82cc4be5839a1a3a2babf3a50,143154,5,,,2018-01-10,2018-01-17
72730619a00e0ecdecf0a4ff862d8996,130933,1,,Compré tres paquetes de cinco hojas de transferencia de papel a la tela oscura y solo recibí dos,2017-11-07,2017-11-08
ba3e82857e13ba647e843f5a4ade76c1,183560,4,,,2018-06-26,2018-06-26
c5d83c2523ef15209c8faf5133a7bafb,139572,4,,"Solo faltaba un producto, recibí hoy, ¡gracias!
¡Todo cierto!

Atalotes

Elenicio.",2017-12-16,2017-12-19
5b713e49352337557efe509b2e801183,131156,1,,,2017-11-23,2017-11-23
4e18511741b7ba8896f192fae5858e0a,187682,4,,,2018-07-13,2018-07-16
ba7e2a294a1c84d89bb8346d5343b74e,117516,5,,,2017-07-27,2017-07-27
ad0fb518df54cbb079834b68141941ee,193889,4,,,2018-08-10,2018-08-14
deb68e90fe56fe23b61f76e429516f26,122983,5,,,2017-09-14,2017-09-15
766fc608e4f2683020fb0a121d9db23e,146790,5,,"La bolsa térmica además hermosa es súper espaciosa. Producto Según el anuncio y la entrega súper rápida, entregada mucho antes de la fecha límite.",2018-01-10,2018-01-11
5c37d7ba6ef2f031c34bb4fda3454018,135841,2,,Tomó demasiado tiempo la entrega,2017-12-17,2017-12-17
e9cb7f668e6443a90158f7f9c90ab0f5,142759,5,,,2017-12-27,2018-01-01
83414f98136ce687f7eb69e555b2519c,130286,5,,Entrega súper rápida ... llegó antes de la fecha ...,2017-10-24,2017-10-25
46d8249ea59101c7288936c3e6f155d7,148234,3,Entrega retrasada,La entrega se dividió en dos. No hubo una declaración de la tienda. Incluso pensé que solo habían enviado parte del producto.,2018-01-20,2018-05-15
346317f9aff540395fe46893611854f8,125047,1,,No funciona no hace tiempo,2017-09-17,2017-09-18
2685a4800004a12ec09d27264ff1915f,100200,5,,Recomiendo a todos los clientes,2016-10-22,2016-10-26
0dc56be1dabd04c994a0fce5478bb16d,127573,4,,,2017-10-10,2017-10-11
c422274e50e900b46fee429016c5458d,124524,3,,me gustó,2017-09-24,2017-09-25
369d4e59eab6f38a28c5033120180bdd,113183,5,,,2017-06-22,2017-06-22
5a27bebda2d497ab1fbc6f425abdc6b8,167761,5,,,2018-04-12,2018-04-13
a95d9b8de163612abddc0a2aae1131d5,198490,3,,,2018-08-26,2018-08-28
4ada105731802020d66105508076cb49,149487,3,,,2018-02-01,2018-02-01
0d4821be98f78d25e14f37ac9d320a84,164312,5,,,2018-04-05,2018-04-05
0ea6bcf44daa35a34247b889d2d21c9e,158555,5,,,2018-03-09,2018-03-11
3f6d9482c57cdb5fc7012f7b9b5ed4c5,165370,5,,EXCELENTE,2018-04-19,2018-04-22
a55012f5c7e74353e92986be15d133b6,111172,5,,"Realmente me gustó el juego de baño. El estampado florido, el bordado, todo muy hermoso. Gran producto.",2017-06-03,2017-06-04
8e42039f9508e0fb21b61262ba2ce672,110652,4,,,2017-05-30,2017-05-31
487f8ff16eaf366dc7c01652202048c3,121062,1,,"Solo llegó una pieza, pero en la nota y la garantía hay joyas.",2017-08-22,2017-08-22
d95ffc47f9741048c6872cb8d3ed0e8b,175830,5,,,2018-05-16,2018-05-16
072aa82842434b050889c89a33c699a7,133567,3,,,2017-11-15,2017-11-16
b47ad9b11251939a7f684c19cf317830,118270,4,,,2017-08-18,2017-08-21
ef8ae544c432bb1053ba5990bd0d6227,146970,1,,No recibí el producto y está en el sistema que recibí además de pagar el querido flete,2018-01-12,2018-01-13
aaab917291fea34988b9a0cb60e0716f,162297,1,,"Compré el reloj, Unisex y envié un reloj de mujer, mucho más pequeño que las especificaciones de AD.",2018-04-05,2018-04-06
3f73914ab5fc1cd68ad6757c93644349,158938,5,,Siempre compro en lannister.pra me es la mejor tienda en línea,2018-03-14,2018-03-17
e2fd85e5df711bd91e6e96e13c741843,100537,5,,Producto de excelente calidad,2017-01-31,2017-02-01
076e5ceb849c9ddf05cfb30bf223febb,128743,5,,,2017-11-02,2017-11-02
c3dc53293222872c90de63a9dc56902e,183498,1,,,2018-06-22,2018-06-22
1f5f1df7e359907eaadcb67e73590c10,170914,5,,,2018-04-28,2018-04-29
0f47555e4df6f6e31bb40c6ff7fb6fac,125583,2,,,2017-10-02,2017-10-04
033fb23c97ecb11c0548f4763bef5773,143908,5,,,2017-12-29,2017-12-29
f7a4aac5a45a3653a0cb7a9c190a6332,143040,4,,,2017-12-20,2017-12-22
42ae74a43661be8587b2e2db054179db,123528,5,,Gran costo-beneficio,2017-09-14,2017-09-15
d8f61c7fcd172785563a65cd65a8cea8,132882,5,,DE ACUERDO,2017-11-19,2017-11-22
4d89dd30fcb3374bb3634e0850bb3ee6,136152,5,,,2017-12-02,2017-12-03
1f83ac8151dd375e41ab519523ade3b1,140718,3,,,2017-12-13,2017-12-17
79927442ebcbf70b2021e1339bb9a51b,166829,5,muy buena,Me gustó la atención con la entrega,2018-04-27,2018-04-30
ecb87d3794a6b2a32e6d9ebee0b8dee5,191722,5,,,2018-08-04,2018-08-07
77a5eb7708ea47c9dd27b268ab56b633,196796,5,,,2018-08-21,2018-08-22
14613df954694f243dedeaa2c8a3a5c2,170574,4,4," Si fuera el vidrio se hubiera roto; Entró en la caja sin ninguna protección en el interior, la caja estaba muy puré. Lo siento .. pero me gusta comprarte
.",2018-05-15,2018-05-16
5f938e5f5f2e9a75710b54feeb9ea610,174346,1,Promedio,La pieza no sirvió,2018-05-11,2018-05-14
d7ea05bb4f9c77d606fd90b1a27e317d,158780,1,,Compré el producto el 25 de febrero y hoy Marzo 29 no había sido entregado a mi residencia. No sé si la oficina de correos de este Brasil es mala o fue la tienda en sí la que tardó el tiempo en publicar.,2018-03-29,2018-03-29
185cb85ede91009d7a8e685687c037ee,101302,1,,"Hice mi compra hace 30 días y aún no he recibido mi producto.
Necesitas mejorar las entregas",2017-04-06,2017-04-09
0c9b6ca9b3beaf0fd5d621f63844ea01,195762,5,fecha límite,"Espero recibir esta semana, lo que no sería tan extravagante, pero ... más tarde que eso me haría renunciar a Baratheon.",2018-08-26,2018-08-29
29b897a4c960516960b7dbe2ed0cb99a,183713,3,,,2018-07-22,2018-07-24
0beb430df734fb96c4f353165408b439,116893,5,,,2017-08-08,2017-08-10
ab296dbde37f94824e4290893c67f917,169791,5,,,2018-04-22,2018-04-24
c399eafa15aafaecdd1d9008f5b34ed6,111684,5,,"Entregado a tiempo, estaba contento con la compra que hice",2017-06-23,2017-06-24
db168e3b1bb8b376934b2c5985cb3eda,156767,5,,,2018-03-11,2018-03-11
a03362dde282489127b112aeab3d6a82,115422,4,,,2017-07-25,2017-08-02
fc58a37818aacbf958eca9d16b4e2e84,174234,5,,,2018-05-05,2018-05-05
8ef36616bef00398b6e413c124f436c8,110879,5,,Hermoso reloj me encantó,2017-05-31,2017-06-01
2636963d49a40a1d951eb0880fa1d36e,173906,5,,,2018-05-12,2018-05-13
57e994485c2ebd293e4fa9cd62e5bb96,157486,3,,"Compré dos candelabros pendientes, con su compañero Targaryen y solo me envié una lámpara de araña. Abrí una queja, pero aún no he recibido una respuesta. Espero la solución de las tiendas Lannister.",2018-03-14,2018-03-16
d83b784ad6ff9896198595107667a60c,163338,5,,,2018-03-24,2018-03-26
0ddace107051d27b273578e30c758518,187428,3,,,2018-07-12,2018-07-13
9d0f36ac2ecea44727adaa0e0fe064fe,186469,4,,,2018-07-13,2018-07-18
0a3157c8e3e2b8b34dadee70c2174ab2,179874,4,,,2018-06-21,2018-06-22
59d95e0b5b52d038dc3a022b7c912969,185127,5,Super producto,Muy buena calidad de alta calidad!,2018-07-04,2018-07-05
ca21ff9bdc64ce15d2be8e09bbc5a115,106476,1,,,2017-05-06,2017-05-09
4f38ceccf5f69828f45e871aad65266f,199077,4,,,2018-08-30,2018-08-30
a0adf7a439816b22050d6bf433cbbff6,167036,5,,"Hermoso producto, entrega bien valorado y a tiempo. ¡Recomiendo!",2018-04-10,2018-04-13
93fbbe62dcf6ffac99be013a1c68eb52,154433,5,,Muy bien,2018-02-20,2018-02-21
c40a6b6e0181e5ec0d12cbc2e12c49d3,177770,1,Falta de productos y roturas,Perdido 1 producto y aquellos que recibí 1 vino roto,2018-05-23,2018-05-23
5241fcad10d7b45a1761f1e1e1536faa,185716,5,Super recomendación,"¡Ha llegado a tiempo y el producto es de excelente calidad! El dolor de espalda ha terminado, ¡estoy durmiendo muy bien!",2018-07-07,2018-07-09
a0c0cc2cb9e040c3ee6716ed79218fc2,119475,4,,,2017-08-29,2017-09-02
d2322bd5a219c030b3c0d7a80fe27b8f,189785,4,,,2018-07-27,2018-07-28
785eeef6b986a8606ac04b88a08ba52c,127852,4,,,2017-10-06,2017-10-09
2613eaca6e203ad90206bd06e3dc5684,150839,5,,,2018-02-23,2018-03-26
5f56971f3f82d508077fc035b7b734e7,122911,3,,,2017-09-06,2017-09-07
06f47dacd0575e592bf6a17e922ce6cd,184927,1,Aún no recibido,Aquí se describe como entregado solo que hasta ahora no he recibido,2018-06-28,2018-06-29
d36219dfadc3a5b07ab66670d23915ad,100069,5,,"Creo que rastrear el producto debería ser mejor y más preciso, pero en general fue una gran experiencia.",2016-10-19,2016-10-20
5230dc021b8ce3fe53ed728af873a6d1,132636,5,,Aún no he tenido la oportunidad de probar,2017-11-23,2017-11-25
28642ce6250b94cc72bc85960aec6c62,159521,5,,,2018-03-25,2018-03-25
4656b8ed41c17f6be05e911e211ecd8f,171322,3,recomiendo,Empecé a usar ahora,2018-05-08,2018-05-10
3a3ea86822a881a0e7c2245b37472eb9,138418,5,,,2017-12-15,2017-12-15
7c3ac85dbe77e3a5710651ffdf18657c,164091,5,,,2018-03-24,2018-03-24
8ef0597f9b1870cf46c81358425f0e24,109917,5,,Nada que declarar,2017-05-20,2017-05-22
ee4e9d8ae6c7380d34d99f6138b0c542,106054,4,,,2017-04-14,2017-04-15
a60dfbe4f5ccf7fb015fd9e3b33930d1,101809,5,,,2017-02-24,2017-04-01
6b341682ab39af9fa00d72d7388c903b,173164,3,NOTA 3,"Compre un producto correcto en la portada pero es interno de otro. ???????
",2018-05-10,2018-05-11
bde35884f0abc51bddb28eb6fd181084,166266,5,,,2018-04-10,2018-04-11
843ed738a1c772f69a83b391cf250932,161395,5,,,2018-03-27,2018-04-01
e4f0765c572989acb3d2d17c911ccce4,137716,3,,Entrega súper rápida,2017-12-13,2017-12-13
bea8c2d959f0d6da23896d1b37df7b60,178787,5,,,2018-06-06,2018-06-11
557ae9c16a8ea3909db2fc5a01bc5151,177443,3,Suspenso,Hice una solicitud de 4 botellas de aceite de oliva. Eran 2 en un día y los otros 2 casi 48 horas después.,2018-05-24,2018-05-25
5939898b5d2ac05454b2fe1aeecaad19,159091,5,,"El producto llegó muy rápido y de buena calidad, recomiendo el producto.",2018-03-09,2018-03-12
e75a1e7f0e95d5eb41f6e6fa7c560821,148837,3,,,2018-01-23,2018-01-24
33dd28d996a4f17112cdacd7bbded8f8,127236,5,,,2017-10-10,2017-10-12
87aa227006eb2fb086f3cbdaaa2fe764,187928,5,,,2018-07-12,2018-07-12
715742f4ae2149e82ead981971912530,192211,1,,,2018-08-17,2018-08-17
ef73c7836d8a58bb4d03c816b73230ea,149816,3,,,2018-01-31,2018-01-31
4140f2b38a5447bb90d453256604d8a3,187171,5,,,2018-07-11,2018-07-11
a89a2b0c2014bc49a0f87f1eedb7b269,175513,5,Entrega antes do previsto,,2018-05-26,2018-05-28
cde97e23deec3aa11e838402378706ee,139050,1,,"¡No puedo! ¡Estoy esperando la llegada del producto que compré! Tan pronto como esto suceda, ¡me formará mi opinión!",2017-12-22,2017-12-22
b2f9240b0a16650054680457ad518388,151291,1,,,2018-02-24,2018-02-24
3ff8285931cc9b54c9ad22ba78957f63,107010,1,,Compré dos productos y recibí solo uno. Envié dos correos electrónicos a la tienda y no tuve retorno. Estoy insatisfecho.,2017-05-14,2017-05-19
0d7749e6d8cf50d052f7124ac4d0ce68,109872,5,,,2017-05-30,2017-05-31
cdc5c81bd9377ccbf9cb95f05648c31b,182619,5,Recomendo,,2018-06-22,2018-06-24
95e5dd3143be96fda1515602b321cd21,119314,5,,,2017-08-26,2017-08-27
fdb0e5a14fb6456e28ce7b3b054b8843,150029,3,,No recomendaría esta tienda o tengo la intención de volver a comprarla. Los productos fueron entregados después de la fecha límite y casi 1 mes después de la compra. En el sitio web de Lannister generalmente llegan antes de la fecha límite. Me sorprendió mucho,2018-02-16,2018-02-17
7914fa319f12631679d1704d7dcd17df,197045,5,Arriba,recomiendo,2018-08-22,2018-08-23
deb6f26fd2c11c556bc9245fd9203469,155066,4,,Conocí mis expectativas.,2018-02-24,2018-02-25
6591adaa3a855d13090d5fd151ad96c2,121636,5,,Entrega antes de la fecha límite. Producto muy práctico y fácil de manejar.,2017-08-31,2017-09-01
3ed2fb4d3cc7862bfa63bc388fe9435f,194008,4,,,2018-08-11,2018-08-13
8e9a28e03aec9af5e2c6b84b43745178,186574,5,,,2018-07-07,2018-07-09
b04bb28827ffa26870431840b2829f1c,144146,3,,,2018-01-17,2018-01-17
3ec66627133a5ddca2ee88a81b95bb13,129290,4,,,2017-10-17,2017-10-20
c4a20a1d2d634f814cca9311edd60e99,169125,5,,"Un gran producto simplemente no fue manual, pero no hay problema.",2018-04-21,2018-04-24
81e7291e2f92b492eb0340f4406c6897,168787,4,,"Una de las piezas no encajaba, estaba en un diámetro diferente. Tuve que ver y martillo para poder encajar y encajar.
De lo contrario, todo bien.",2018-04-19,2018-04-22
eb6d75bedecae7b3dbea11b8530637d8,150655,5,,Excelente producto.,2018-02-17,2018-02-19
593f9b33c3a4c74e37b7b7c49f0cedc4,122661,5,,Todo cierto,2017-09-07,2017-09-13
a36150969fe6bd09ed011dd78aeb0189,100013,1,,"Retraso en la entrega, odié el servicio y nunca vuelva a comprar. Baratheon Cuando vendí por sí mismos era mucho mejor!",2016-11-02,2016-11-03
2c303fb6b2f9c16f324f7deb88e736fe,193829,5,,Producto muy bueno,2018-08-08,2018-08-09
43992f6d75ecc01ddd8c748b9362bc81,160559,1,,Mi producto no ha llegado ... según la proyección se detiene en Ribeirão Preto sp ...,2018-03-23,2018-03-23
8b4c14417bccab81710772ecb8b23fd6,190808,1,,Producto defectuoso en la primera vez de uso.,2018-08-03,2018-08-04
678e365210564367e0492d100b977f0b,110924,5,,,2017-06-07,2017-06-09
3528296df9092b7a7b88bd036e3f8a8e,186119,5,presentacion de producto,Super Recomendar Producto profesional de calidad,2018-07-14,2018-07-17
252b934455d29ca8cc070504686ecc52,156761,1,,Hasta ahora no he recibido el producto.,2018-03-14,2018-03-14
1b76e88159db434a903b2f6ce68e2c6a,194807,5,,,2018-08-15,2018-08-16
62643d4b292ce733f36482b980a08ecb,189919,5,,,2018-07-24,2018-07-25
b736ff4204044e49e39062584d06fa74,197699,1,, La tienda anuncia un producto y ofrece otro.,2018-08-24,2018-08-27
c7475b2c4448321756b6136327f1394e,196079,5,Super recanto,Muy bien y rápido cuando vi que ya había llegado,2018-08-23,2018-08-24
e986690c0aab61c59b4e95d9faea5788,151264,5,,,2018-01-30,2018-01-31
44cdb9cb9c9f8d6bcea59e0b61b8df6a,134663,5,,El producto llegó muy bien,2017-12-13,2017-12-16
927eaaaaeebc8579c91927f2d0b40049,127379,5,,excelente,2017-10-08,2017-10-09
65b934c20d632fc2df0fd4723464fa78,181708,3,Cometido en la caja acústica,"Aunque se entregó rápidamente, reemplazaron la caja de meteoritos con la caja nacida. Cuando intenté quejarme en Lannister, el sistema está fuera del aire. La guitarra y los accesorios eran correctos.",2018-06-12,2018-06-12
af9e54a155c1248534f1fa60179c6393,138126,5,,Muy satisfecho,2017-12-05,2017-12-06
ea12cd666e65ef6cfc48e7ddd8596833,122890,4,,Felicitaciones a la tienda y al revendedor a pesar de tomar un tiempo,2017-09-23,2017-09-24
0cffe0e5a8d15b6159dd64768d110521,113088,5,,,2017-07-05,2017-07-05
8023f946d9b261cb0ecb604703427917,170458,5,Gran compra,Entregado a tiempo y con un buen período de validez.,2018-05-05,2018-05-06
4faa35770cc4dbf5f2725bcebdd1bdc6,146074,5,,"El juego de toallas es más hermoso que en la imagen, me encantó.",2018-01-18,2018-01-18
c239d18d7e310e477d5e7b76b362db1d,160288,1,,El producto se entregó con una de las manijas con problemas (falta 1 Pin faltante),2018-03-11,2018-03-13
24972a8c126b024fb6344a60aaebd39f,157314,5,,,2018-02-25,2018-02-27
5cc663b86b8e633c513546914eca82d4,134042,2,,,2017-11-24,2017-11-27
b3df5ccdfff218d039dd166e3da759f5,153838,2,,"El 14/02 estaba programado para entregar el pedido y en la detección marcó que el producto ya había sido entregado en la fecha, pero de hecho no se entregó. El producto solo se entregó el 28/02.",2018-03-01,2018-03-04
c11da18223114c483b887b9914045f79,110937,2,,La tienda más allá del envío es muy costosa. El producto tarda casi 30 días hábiles para llegar a su hogar,2017-06-07,2017-06-09
ed1abc8df9e01dae7a468e4a5b73fa2b,182560,5,,,2018-06-24,2018-06-26
9a1ee0715c046406c61aa17f5c329f58,154405,5,,,2018-02-20,2018-02-21
57b95e70db33ca1f983ac8d08df711b5,168680,5,,,2018-04-17,2018-04-18
6f885e2fd69412264d9e74e805175d53,112428,1,,"Recibí muy rápido, pero vino otro producto, no lo que pedí, el modelo fue diferente, el color, fue un caso que no tiene cremallera, finalmente, no lo recomiendo.",2017-06-22,2017-06-23
814105994749e97a5609f7d41c165f6b,150509,5,,,2018-02-09,2018-02-11
0185df4755be7045d22b951fba4a4b58,196645,5,,,2018-08-24,2018-08-26
b5b0dca838fa6e57dab66388f05c66b1,104053,5,,,2017-03-22,2017-04-17
2ac08e70bba7ad45079a8bfc15233952,198593,5,,,2018-08-29,2018-08-30
b83ba2a97932a8a661f5bf8eac7642bd,110969,5,,Siempre lo compré en Stark y estoy satisfecho.,2017-05-31,2017-06-01
a6c58307ee35180cf0dc1d39466db359,135442,5,,Hice la compra por mesa y gracias a Dios todo funcionó en que puedo estar muy agradecido puede confiar.,2017-12-23,2017-12-29
31a346e6f2cf783b145080e2f4dc6e32,128343,4,,,2017-10-22,2017-10-24
68c49ef4957e7d9d5ce406058b4848c3,119131,4,,,2017-08-08,2017-08-11
f7eb8792e67d53e01a224bfa9b6802b2,192783,1,Horrible,"Cancelé mi compra un día antes de la entrega, llamé a Lannister y los asistentes no sabían lo que estaba pasando, un desastre, ahora estoy esperando ver si se le cobrará",2018-08-05,2018-08-05
dd9696ded8cb3022c952eadcc83432e9,171396,5,,,2018-04-28,2018-04-28
036bac7dcf336feff8ee82009a67b01d,155795,5,,,2018-02-28,2018-03-02
4940d39efaa50e020312724f6a6e5efa,179444,5,Super recomendación,Producto de calidad y eficiencia en la entrega. Recibí mucho antes de lo acordado. recomiendo,2018-06-08,2018-06-08
0ab6a11e5c1275beaad02a171286c7ce,181138,5,,,2018-06-12,2018-06-15
7bd303edd3865abe8addb98d2a2e6577,190162,5,Muy bien.,El buen producto se produjo dentro de la fecha límite que llegó en 08 días deben ser felicitados.,2018-08-01,2018-08-01
bb066f2c00dd1116cd31ec9b250b22f0,180043,5,,,2018-06-11,2018-06-13
76a2c91e6bf615fe58abe97b55a19ee1,184263,5,,,2018-06-30,2018-07-03
176cc048a52801ae90f9284cb9ec83e9,179220,5,,,2018-06-07,2018-06-08
cc2b21775364b08a1ee52c1405cef6fa,167762,5,,,2018-04-21,2018-04-24
5bf1a70143253c588a56357140b572ce,142438,5,,,2017-12-19,2017-12-19
930654bbac6c1f865eed4e39127eac9c,192846,4,,,2018-08-07,2018-08-07
11caa17c5966423a2f73ded6a13ad638,115629,5,,"Todo está bien, Baratheon siempre responsable con sus entregas.",2017-07-26,2017-07-27
9648ffe0a9fe06e89225f782dec7f3ef,159477,5,,,2018-03-09,2018-03-09
84ae94ac7146889400b0c58f5baa7cde,113714,1,,,2017-07-08,2017-07-08
c01eaa86159b994afb4c5eb920993ebc,175294,5,,,2018-05-25,2018-05-25
4dd68a0dee5ede8a445f797c46bca436,114016,1,,El acabado que estaba en la imagen fue hermoso que llegó fue un sintético feo con un aletable completamente desconcertado que no me gustó,2017-07-05,2017-07-11
4f535d7213ad272d4f5f1f849de3f441,135911,5,,,2017-12-05,2017-12-06
d860fd3252122f7453a5810977446a0b,153476,4,,,2018-02-24,2018-02-25
d3026389eec4fc7f7bf2b2dc457ea02c,158216,3,,,2018-03-06,2018-03-06
f55ac350831de6694d569e9c0176dacd,150051,1,,"Y muy desordenado compró tres productos, pero no llegó el día en que Sertões llegó por separado y en una fecha separada",2018-01-31,2018-02-01
2b4a570df87cd63b232272dd9dcac0cf,124851,5,,A,2017-09-26,2017-09-27
3fb929ba2924ff0a47858efb007ceee1,193134,5,excelente,entrega rápida,2018-08-07,2018-08-08
4ab6671319156f978e972e2ac2c48ad8,175271,4,,,2018-05-19,2018-05-21
d0c2b9d96c387604a96ae43e7126cf9b,108475,4,,fue bueno,2017-05-16,2017-06-09
58b27f28e98acdaec89d736d8ed79dd5,154361,5,,Mercancía derecha entregada dentro de la fecha límite acordada. Agradecido,2018-02-24,2018-02-24
d57d9f0b3b394efb178c9a259b2c9149,142898,3,,,2017-12-30,2018-01-01
96ee030286f50f61c6d199bdfaa5573d,135440,1,,", Muy malo !",2017-11-29,2017-11-29
c29578721fec42d32a8df09c414aa4fd,107419,1,,,2017-05-17,2017-05-21
6280ca6a9e8c3a56b668ec8c5396caaf,150511,1,,Ha pasado los días esperados.,2018-02-09,2018-02-14
2dd29dcf6f552bb7b7f3354586a31f57,170868,5,,,2018-04-24,2018-04-25
f27aae43b88771cb9ebc8a6f0ab2f25b,143747,5,,,2017-12-28,2017-12-30
b2be7263730fe13fdea91e59192fcdde,138198,4,,,2017-12-09,2017-12-12
6df7cacfa6e7a215c43b54c952affd0f,141884,5,,,2017-12-16,2017-12-17
bad7323911748aeb242309d5d75d4c3e,182588,4,,,2018-07-03,2018-07-04
968989a3b5192c9b9436fe7546acaca4,163647,3,,Al comprar el que entendí que recibiría 2 botellas de 60 cápsulas (cada una) y no 2 frascos con 60 cápsulas en total. Simplemente no lo devolveré porque necesito el producto.,2018-03-30,2018-03-31
e04acb9c4569e3bae85744ef644a780d,116507,4,,,2017-07-27,2017-07-29
dc92cf357f5eb4d61b6a95fed53d17e1,195489,5,,Entrega mucho antes de la fecha límite perfecta !!,2018-08-14,2018-08-15
382d855ffdd4f5e66594dbfb1566e96f,179529,5,10,¿Cada vez que compro más estoy satisfecho con la honestidad con sus clientes?,2018-06-03,2018-06-04
d520ba19c88c06368af568b01eca482a,145003,5,,,2018-01-05,2018-01-07
d126b51cf6665c5a873f58a1a8fe0f2e,148751,5,,,2018-02-02,2018-02-03
0c0b7bb5202b7fb05e210d55fdc619f1,162638,3,,,2018-03-20,2018-03-23
9e325bcfa22c4820da7d4f165c7dd49f,169533,1,,,2018-04-27,2018-04-27
06aa3111724159bb69b8568181ec05c4,128797,5,,entrega muy rápida y es bueno comprar contigo,2017-10-20,2017-10-23
3db041dd46e9935752c691a2093799c2,171093,1,,Producto No recomiendo no leer en ningún dispositivo,2018-04-27,2018-04-28
9ad64902b6c9bfad48bbe4d17e4dcb4b,109246,4,,"Entrega súper rápida, ¡felicidades!",2017-05-13,2017-05-14
f4eccf488aeda6650f7644379669eac8,156054,5,,,2018-03-01,2018-03-05
46d55c27e1e3df429c64afc2392b2c6d,193179,5,,,2018-08-08,2018-08-08
6aba6ff5d6b3f6762a2ad9a9f1fbdfcf,194435,4,recomiendo,Todo rápido y eficiente.,2018-08-12,2018-08-14
f5eb912253261b8bb2dc5b1a1f4e2f0e,139351,4,,,2017-12-19,2017-12-20
56c957e848b3f71bcebd87e12b7883d7,127195,4,,,2017-10-03,2017-10-03
8f9aa50ee40780ba3f79614530a34ebe,173933,5,Muy bien,Maravillosa crema y entrega súper rápida,2018-05-10,2018-05-10
225f4f306d90cbc502d3c781d3015ed2,167387,5,,,2018-04-27,2018-04-30
281d81f9c0034f6d75b24191829cc0e2,124086,5,,,2017-09-19,2017-09-25
f3f77d01a24ce4da52b6f7e83e71498d,157811,1,,"Tratando de cancelar el producto desde antes de que se emita la factura. No me advirtieron que estaba por correo, no tenía respuesta de la cancelación y no puedo regresar.",2018-03-01,2018-03-02
2fe0ca8fe19ae1ab68408a1235bbd054,161974,4,,"Llegó hoy
sin comentarios",2018-03-31,2018-04-03
b396ba75350276a6cc1993b6627dceea,197487,1,Lamenetable ...,"Buenas noches

Es lamentable, esta tienda que tantas compras ya he realizado y hoy no me doy una satisfacción de un reloj en la importancia de 50.00 reais ... un producto defectuoso y hasta ahora no me ha dado regreso",2018-08-23,2018-08-30
3cd81a2d8505f10a66b5d7b8c4570923,195581,5,,,2018-08-18,2018-08-20
5cc650061ffd7b80549a8152c95ae925,131776,5,,,2017-11-10,2017-11-10
610a49f3e897c9295111d0a8c0d6e65b,138659,5,,¡Muy bien! ¡Lo que esperaba!,2017-12-05,2017-12-07
f3401a1de0c152923ba58cf7b7d2b84a,174026,2,¡Mala calidad!,La cubierta protectora no es exactamente lo que esperaba que se desearan en el tipo de material y la calidad.,2018-05-19,2018-05-20
07234c593ecafa2ed6111b2f8fa8d7f6,133947,3,,,2017-11-24,2017-11-24
16d40fdbdc2bb45a08f52621f05467eb,141341,3,,,2017-12-23,2017-12-25
2f048bbdf489c642c88fe993d0b0c92c,151392,5,,,2018-02-01,2018-02-01
a65ee60874d8595355a95edb176d89a0,122577,5,,,2017-09-19,2017-09-20
ef9ef383ff6625e8e118db388ad3420d,187102,3,Insatisfecho,"En el sitio, el producto parece tener una mejor calidad de material y acabado.",2018-07-06,2018-07-09
5e5288d0fcf91a6d5462dd255befb6de,133862,5,,,2017-11-24,2017-11-27
9325f9b2fdf236da5f64533a9aa1934f,168243,5,,,2018-04-11,2018-04-13
a0a641414ff718ca079b3967ef5c2495,156389,5,,,2018-03-04,2018-03-06
5d6f9cddc8335878d8bf20c3bd4602e8,190640,5,mega recomendación,"Recibí mi producto correctamente y a tiempo, revisando en la caja todo es correcto, pero no he configurado. Hermoso producto, color perfecto, nos encanta.
Super Recomendar.",2018-08-10,2018-08-11
f4d74b17cd63ee35efa82cd2567de911,143543,3,,"El embalaje que quedaba por desear, el producto estaba por estrechamente dañado, la caja estaba arrugada.",2018-01-12,2018-01-13
3a336941a21a96535c9b70e3d28be499,186275,5,EXCELENTE PRODUCTO,Felicitaciones. Producto entregado mucho antes de la fecha límite.,2018-07-04,2018-07-04
d31fe8f01470eff5b2a3668c9a328913,107604,5,,Recomiendo.,2017-05-08,2017-05-08
f677a419ee4910ae12bf8cb73dc0d332,156078,3,,Los cables y el manual se perdieron,2018-02-27,2018-03-02
e3a66aca186a873365204b060e9f4931,129857,5,,,2017-10-21,2017-10-25
4677abdc2e2e59f87b19f57edd36c883,106485,1,,,2017-04-20,2017-04-21
ed98a33c2179c13c1f50b045cbc517e1,150709,5,,,2018-02-06,2018-02-14
72d7f0156c76c07c3dc9f9e04bf543d9,146911,4,,,2018-01-13,2018-01-16
2e21bb397364fa799a4a1609fd2e6e3b,122643,5,,Great llegó mucho antes de la fecha límite.,2017-09-01,2017-09-04
0b6fafdd0e2584fe9906429c198b2b71,115288,5,,,2017-07-13,2017-07-13
3732a0fef379bc411b481ca65c773fa4,107911,3,,,2017-05-27,2017-05-31
00390430316d2ec6557b4c9b4213da4e,102918,5,,,2017-03-08,2017-03-09
670e12015ba4dca0bc1d220aaf5c19f9,127360,5,,Entregado dentro del muy buen tiempo de producto.,2017-10-14,2017-10-17
b1dc9c0a9dc07b8e5040e6b99bd178b7,160564,5,,,2018-03-14,2018-03-14
ecbaf1fce7d2c09bfab46f89065afeaf,117282,5,,,2017-07-27,2017-07-28
7cae6dc895e8f5238f2300e103742ce2,103710,2,,"El producto estaba lleno de papel marrón solo en el embalaje y enviado por la oficina de correos. Por supuesto, el empaque ha llegado amasado y solo Dios sabe si el producto funciona o no, aún no lo he probado.",2017-03-22,2017-03-22
cd6f089e896732c91671704c7f51790e,120539,4,,,2017-08-18,2017-08-19
5e5ae81fbed794a34c7b44744b168a5f,115449,5,,Creo que deberían enviar por Sedex en lugar de PAC,2017-07-26,2017-07-27
af41ee42a3e2dc767023449fda6c12fa,157409,1,,"La última vez que lo compre porque hoy hará 1 mes que hice para comprar y nada, y si lleva tiempo entregar, buscaré mis derechos contra las tiendas Lannister y Targaryen.",2018-03-21,2018-03-21
2cc511ac46694596bf61ffb6fb37cffd,115636,5,,,2017-07-13,2017-07-14
7d6004d7847ccfef51fb4110ea0e7c57,119265,5,,,2017-08-18,2017-08-21
cb929ffa8e05eedbe07807f1785c96dc,197705,5,,,2018-08-28,2018-08-29
583a79ce422d7528e70e32599dc629b6,125069,5,,,2017-09-21,2018-02-14
d28138dcbee5d50ca9dddb812d21ce85,162248,5,,Hermosa ... solo las instrucciones perdidas para el cambio de pulseras.,2018-03-18,2018-03-18
8f2351d96356b9690bcf1d67a90946d2,173897,4,,,2018-05-10,2018-05-11
51ee9f6af4666ad0580d383972449d76,103223,5,,,2017-03-15,2017-03-17
cc4e1115d5c84efa5976f12404569949,165941,5,,"Producto exactamente como se describe.
¡Llegó mucho antes de la fecha límite!",2018-04-04,2018-04-04
bc4ece7c3e5388f72210c37b9c3f4aec,146628,4,,,2018-02-01,2018-02-01
6efe3259e652cfcdcbb3bd4354685a6b,182104,5,,,2018-07-01,2018-07-03
e64d7999244ae8b7f4768a3b5d52a509,174872,5,,,2018-05-10,2018-05-11
6a3a1e039166db075645a70276453f9b,145164,5,,,2018-01-09,2018-01-09
d790573210817a72d63c85395a9ebab2,183104,5,,,2018-06-22,2018-06-23
c5728419249a98ac26289f3959bd1436,123938,5,,,2017-09-14,2017-09-15
07b48dbc11677f5021dbefcaba550ed2,117146,5,,"El producto llegó mucho antes de la fecha límite, ¡me encantó el servicio! Super recomendación",2017-07-26,2017-07-27
4f2d420b33665f546c373953c8dfb5fd,126219,1,,"No me gustó el producto, el material de mala calidad.",2017-10-08,2017-11-10
bfd1c687738141ef5861a1a1269ca855,145735,1,,"De los dos productos comprados, ¡solo uno fue entregado!",2018-01-10,2018-01-11
6724babb3b9952660bc345b5f5a4db07,148419,1,,"No compro más en Lannister. Si eres el compañero de Lannister o no, este Targaryen nunca volverá a usar. Cuando leí que es de esta compañía que ejecuto. Un absurdo. Casi un mes para entregar. Extra.com ok",2018-02-09,2018-02-10
c5efc0219f2949a8f81d5e8b39b9ca0c,103842,3,,Recibí el producto correctamente,2017-03-23,2017-03-23
49744899bb4e48b476ae9bf258f85e27,124401,5,,,2017-09-27,2017-10-03
50b88e7c4f0429b5286b130ed45df434,185685,5,,,2018-07-11,2018-07-14
5442f4e36faa9fd2ed031c645a9d9acf,183013,5,,,2018-06-20,2018-06-22
bbaea454f8f4fb35f22b2de3936e4df7,129441,5,,,2017-10-29,2017-10-29
adc4fea911985359440efa7be5bae99a,116918,5,,,2017-07-21,2017-07-22
830cc72c5691e78c2cde500865e21e65,159209,5,,"Recibí el producto dentro de la fecha límite informada, aún no lo he usado.",2018-03-24,2018-03-27
413250ca031f857142bcbc3f27d14532,184307,5,,,2018-07-07,2018-07-09
8a310b56e4d05a7786d23986a1a49ae9,173031,4,recomiendo,"La orden llegó antes de lo acordado, muy bueno.",2018-05-08,2018-05-10
d44b85fda6987ad606e1b7c62dd481e4,122603,4,,Producto entregado como se anunció.,2017-09-05,2017-09-06
6b1de94de0f4bd84dfc4136818242faa,152294,5,,,2018-02-16,2018-02-19
5c1ba09de5c746017d406bd2cfefeca3,164966,3,Sin entrega de productos,¡Recibe solo 01 parte del producto! ¡Necesito las 2 piezas restantes!,2018-04-26,2018-04-26
5fb1fed9d3ca845936082614bd07cec2,131926,5,,Almacenar 10,2017-11-14,2017-11-16
700135724fcdc3170960fd95b8fb5904,112847,4,,"La guitarra que compré es hermosa, pero el color de la pegatina no verifica con la foto de la Ley de compra, pero tomé.",2017-06-22,2017-06-22
5d1dc174150fb6b247ffbceb2090f077,148594,4,,,2018-02-08,2018-02-10
b54c1776f5955ced2f54c711c665a025,144446,1,,Ni hicieron la factura,2018-01-30,2018-01-30
264527c876f418e7b43e09f0079942e2,158880,5,,"¡Llegó antes de la fecha límite!
¡Producto excelente!",2018-03-06,2018-03-08
b543affbc59262ffd186c14471b19293,135160,5,,,2017-11-25,2017-11-25
7509021b9e9ee54c57408792e0a91d5b,173153,5,,,2018-05-07,2018-05-10
bce71f23ce115a0ae6d292ffed50b0fc,123132,5,,,2017-09-06,2017-09-08
55e8dbe55085ca8c565f00d87dc07777,194051,5,,,2018-08-14,2018-08-17
d6c0b888949f0c3f236d67f588913930,185076,4,recomiendo,Trabajo con profesionalismo de las tiendas Lannister. Indico seguro,2018-07-01,2018-07-03
89ce1bf13facec183ff6e592ff4e305d,190707,5,,,2018-07-27,2018-07-28
5cb4c44204ec343a1f49960a6359d29e,145833,5,,,2018-01-16,2018-01-18
8dbb6fde7a7415595ef18047707f2f42,104448,3,,,2017-04-05,2017-04-07
f4d2c6ed9bebda9d41573e30f3d629b5,129678,1,,"El reproductor de MP3 no funciona, incluso cambiando la pila varias veces. Tuve que regresar.",2017-11-05,2017-11-06
91283389ca8846dd242990c799a85f5e,120013,5,,¡Super recomienda el producto que es muy bueno!,2017-08-17,2017-11-05
5159ec80ded330546c2f4a3d23c911d2,127719,5,,"Muy buena capacitación, una de las mejores del mercado, si no la mejor.",2017-10-07,2017-10-07
308400be88a43702db20fbb71b6cff74,114156,4,," La tienda publicó el producto y medió el correo tomó un tiempo
",2017-07-11,2017-07-11
557d0e6fe3a03460bb041cd5b3f7427d,109559,5,,"Siempre compro en Stark y siempre estoy bien atendido, un sitio eficiente y productos de gran calidad, ¡recomiendo a todos que compren con los ojos cerrados!",2017-05-24,2017-05-24
513f392b12d02aef2c303846b4710eb6,123625,4,,Muy bien desde que compre la entrega TD correcto y rápido,2017-09-09,2017-09-10
949127f36b466d3e93a6f3688062cd77,191149,5,Papel de mezcla de preses,¡Todo bien!,2018-08-04,2018-08-06
0a5c119c75e7f8dd3fff7b6ceaa0520d,175108,5,,,2018-05-16,2018-05-17
569b98a8c29163ba9a63e082f88554ad,194876,3,,,2018-08-17,2018-08-19
755509047344db65b4c12fe56626765d,100385,1,,,2017-01-27,2017-01-30
0e45ed9cb534e20473b8e7e5c6c0ec36,135432,5,,,2017-11-29,2017-11-30
341ccd0a62b82793121e9ebdd1eafaf9,140309,1,,Targaryen no es confiable no entregó mi compra y puso el seguimiento del pedido que se entregó el 14/12/17 Compañía falsa. Quiero recibir mis productos que se pagaron con Bankari Ticket,2017-12-15,2017-12-20
396ca63a1ddba5ae532c35316166b90f,123796,5,,Entrega de productos y calidad como se esperaba.,2017-09-12,2017-09-13
6d1e743b69d68d1864f8cb45e74be0d2,161732,5,,"Excelente, recomiendo",2018-03-27,2018-03-29
0272d07f5d34a8c3d31272e7ff967e7b,146869,3,,"La bolsa es muy hermosa por fuera
Pero por dentro no hay forro
Y es muy frágil
",2018-01-23,2018-01-24
772d77869ce0505a42077a4429385c9c,186751,1,,,2018-07-14,2018-07-15
6abea4c4b1531bbec985bb7d12100084,168007,5,,,2018-04-13,2018-04-15
98f60bb6431350ec0e50712d35fe3c42,193205,4,,,2018-08-16,2018-08-16
320ae91d4c5cb8164c168fc68392a5fb,177606,1,Producto pirata!,"¡Cuando instalé el cartucho de tinta, mi impresora indicó que estaba vacía y presentó el mensaje de error! ""En el marcador de nivel de tinta. Ya solicité el intercambio"".",2018-05-22,2018-05-23
80d8874af03512892908e3910ca8ed00,166581,4,,"Muy bien, recomiendo el producto.",2018-04-19,2018-04-20
b8280763df2c00669afb46f1af0ebfa3,107167,5,,,2017-05-06,2017-05-10
ff3a1044a7a8dfad3e9c8eae2a39420c,189071,5,,,2018-07-31,2018-07-31
6d7d0a5e33c92adf782b137720eeefa6,172177,5,producto débil,"En cuanto al sitio, no tengo nada que cuestionar! Siempre cumpla súper combinado ... ¡siempre lo recomiendo! Pero el producto es débil ...",2018-05-11,2018-05-14
38c98ef587322a45982db574240ce197,173613,4,,,2018-05-26,2018-05-27
5f8ed42b9eee8adbd7344caca4ca507e,107752,4,,Bien en todos los aspectos,2017-05-20,2017-05-23
957011305e7a4b6c8a266eeeb8e0316d,160513,4,,,2018-03-10,2018-03-10
841be81ef8745f0be793d1f6a2d659e2,152468,3,,,2018-02-24,2018-02-27
5e7f729172c3cc27483e4083b4456363,125594,5,,,2017-09-26,2017-10-04
142f69554c6042f70a2f2eb188d51647,189021,3,,,2018-08-02,2018-08-02
f96d1a466e5ab6e27fdc40c535ce622a,102271,3,,,2017-03-04,2017-03-07
a85be88fe0344d5fde7ac7a89d7a3f85,146404,5,,,2018-01-16,2018-01-23
25bcaf0f4b36906d045ef18cef5aff7e,178063,4,,,2018-06-06,2018-06-07
e5a35475f7efa7f6abac5febba3fb464,168245,5,,Hasta el día de hoy estoy satisfecho con sbmarino,2018-04-17,2018-04-19
40b106fc4843b980b73307d279e18126,134474,5,,,2017-12-07,2017-12-11
13cf90d76f1ffc624a83f3f9ddd62c36,126340,5,,,2017-10-03,2017-10-06
b92b5b1122f1298b87bc7882115db417,117954,1,,Las dos cubiertas de cuero compradas no fueron entregadas. Solo uno de ellos. Espero el regreso del dinero o la entrega de la segunda portada.,2017-08-12,2017-08-20
554f6545765e5c000f1751682dd00158,126647,5,,,2017-10-15,2017-10-15
92e62e4f3ea203ac193f3271d85b11ea,140900,5,,¡Me gustó!,2017-12-20,2017-12-21
1d48440f56a4f15d77636aa8fb5ffa91,167793,4,,,2018-04-24,2018-04-24
a8775d35b08b1f3a66c4c0e2e7612be3,184500,5,,,2018-06-26,2018-06-29
35fabb1fcea11c86ba6dbe8280d8d0de,131398,3,,,2017-11-04,2017-11-05
beba9c30bcf506be5ec319079bf4530d,144266,5,,,2018-01-05,2018-02-01
5e20ad4da852f44644a83c56fc8cf40c,136749,5,,,2017-12-06,2017-12-06
b189da69da7ab9594434aae851c4945e,104873,5,,,2017-03-29,2017-03-30
b3683d55b0b00087770fb285993836fc,168012,5,,,2018-04-19,2018-04-21
c1e58877b092e29f93d7c069903b2281,117882,5,,,2017-07-27,2017-07-28
65ae8d76b828fca356d186b36394a853,171329,5,,,2018-05-01,2018-05-02
f922b9d00a755863556181c1a366193d,186272,3,Nota 8,"Estaba feliz con. La tela, pero creo que faltaba la hoja de arriba para estar completa, espero que pronto se lance.",2018-07-07,2018-07-09
49f6f0bbf53f6d961deefc4d2fb0a6cd,158738,5,,Llegó antes de que la fecha límite sea la cabecera es hermosa.,2018-03-07,2018-03-07
d0d5bd829045a78ca12fc12bdcd99fce,185011,4,,,2018-07-03,2018-07-04
0cbf25a6f560a835e79fb8d24a5926c9,178269,5,,,2018-06-07,2018-06-07
7c43af1205ff01c2b95065b2b02b3343,110093,3,,"Hubo cierta confusión entre el vendedor y Stark, ya que recibí un correo electrónico de Stark pidiendo la cancelación del producto por cualquier entrega imprevista; Lo negué y recibí el producto días después.",2017-06-09,2017-06-12
c1fa48f2d7ccf958a2811046e8f40aae,178983,3,,,2018-06-07,2018-06-09
1c7ad305ba86c8bd0b6caa163fab2d49,124494,4,,,2017-09-20,2017-09-20
03215247632c5bc4a925c524d0a154ec,159896,5,,,2018-03-14,2018-03-15
3140a4eb146655fe104d54d385f9e9a0,146755,5,,10,2018-01-20,2018-01-22
6b15d200f47b4e13b03d237fd0b1894e,111805,5,,"Me gustó que el producto llegó en el momento adecuado, los vendedores deben ser felicitados.",2017-06-15,2017-06-15
9072e81ff1f444c1d074eecafb27e15f,112381,3,,,2017-06-14,2017-06-15
2b7988978d952d5aa576c37fdbd583fe,155483,4,,,2018-02-27,2018-02-28
c25f2dc8ab33facf7a72f76c8a47d75a,145521,5,,Recepción excelente,2018-01-05,2018-01-08
fa82e03e20dd362ebe83572fc81398c7,106718,4,,me gustó,2017-05-03,2017-05-04
5c8c7331ba6324416bdfecdb7f3e4255,152045,5,,,2018-02-23,2018-02-23
2319bec0c9468e54107a857ba7cd52f7,162648,5,,,2018-03-19,2018-03-19
f8499130452fd0f108a9a24454f51c32,109397,1,,El 19 de mayo usé y el mango se rompió sin mucho peso,2017-05-19,2017-06-01
72093b147d797e6abbdf569bf07bf57f,150037,5,,Toalla del mejor campeón de Brasil maravilloso,2018-01-31,2018-02-01
4292f07bf6cb46aa563a430e6d9cf10b,170506,5,,"La entrega se realizó mucho antes de esperarse.
Buen producto ... estoy satisfecho",2018-04-20,2018-04-20
7e6becdbaed9bd20e60602d1f8c2b4f9,195387,1,,,2018-08-15,2018-08-15
92bacfcc605457584b966d8c77f4176d,108114,5,,,2017-05-12,2017-05-13
30408a1ffffab184f8e5d14bccc9a667,169531,5,,,2018-05-04,2018-05-08
1545c0d2c381662ba869e91e4c1aaca1,145276,5,,"Hasta ahora está bien, estoy esperando la entrega del producto",2018-02-04,2018-02-09
a6bc40c95bd18c5647ec3730af377433,117862,5,,,2017-08-02,2017-08-03
032cfb72d792d30b6181b482d85f8d1a,187789,5,¡Todo cierto!,"La compra ocurrió como se esperaba, desde el pedido hasta la recepción del producto. Muy bien a la derecha.",2018-07-12,2018-07-13
004580d2657b221e45f84f4169675ecd,193324,5,,,2018-08-11,2018-08-11
645e0b533dd83397a07db50af11b3fff,193987,5,,,2018-08-09,2018-08-12
bd1c85f148677d00cd672df0d05d473d,191848,5,,,2018-08-10,2018-08-13
67c79a3a4b7d8e4fc8590fb8ca4d3f8a,146806,5,,"El producto fue entregado antes de la fecha límite.
",2018-01-10,2018-01-11
36bbb1ae000efabd9bfe4e1923a159ff,120476,4,,,2017-08-19,2017-08-20
4af0a1c0b0cf31b528e6cab99baec2af,165020,4,,,2018-04-13,2018-04-13
5fdcb2a2c4de7fbbf5715788535f4a96,104192,4,,"Realmente me gustó que el producto fuera exactamente la boque que esperaba, entrega a tiempo, felicidades recomiendo la tienda.",2017-03-31,2017-04-03
69e5dd2882a9e8cc92609e34aaa923a1,131167,5,,,2017-11-02,2017-11-02
8eaebf463e205cdcc126801ca343a33f,104944,2,,Compré el producto negro y llegué en rojo.,2017-04-11,2017-04-12
ff9f8a64551756628d32142775149748,178935,5,,,2018-05-31,2018-06-02
9511accce19c18957964cfeaa779761a,108644,5,,,2017-05-23,2017-05-24
479fa222f376edce817d980030a0f493,196125,5,,,2018-08-21,2018-08-21
90febfe6ab599694729eaba46be1d3ad,147724,5,,"Esta es la segunda vez que compro en esta tienda, entrega rápida súper eficiente y antes de la fecha límite contratada, producto bien empacado, nota 10
Muchas gracias",2018-01-26,2018-01-27
380884f53f113319198a99516da2ada4,183030,4,recomiendo,"excelente
",2018-06-17,2018-06-19
572ffee0005ca2a59bf5be1b0c503c23,151870,4,,,2018-02-16,2018-02-17
b50001aa0bbd7557c4ad80eee167a2a1,172502,5,Ótimo ,,2018-05-05,2018-05-07
5fd2d6fbe0e63511703a80078e938be5,196963,2,,Pensé que la mochila era un material más resistente.,2018-08-22,2018-08-27
f5341e7a7371be7c0730ccb38420f662,169584,5,,,2018-04-28,2018-04-30
505a882ba08a689682a4afc6eb4e5965,138020,2,,,2017-12-28,2017-12-31
ed2842d0aa7ac6285c7547d17f17da4d,154686,1,,"Compré un producto y vino otro.
Envié MSG informando el error pero no recibí respuesta.
Gracias",2018-02-22,2018-02-22
b9bc677ac0e014a1c9f2340ea72f17a1,125871,1,,,2017-09-22,2017-09-23
9a8d24623d56c13f950247baa73f4c80,157798,1,,¡El producto tarda mucho en llegar!,2018-03-10,2018-03-15
4ce5d5e8fb0dd288ae6db8af3b2214ab,169121,4,,,2018-04-18,2018-04-21
8fa0fe324426c676a8989ec7815a036c,102535,1,,,2017-03-23,2017-03-23
bd59d767a308e2a99679da8ddc7cf280,181876,5,,,2018-06-20,2018-06-22
4b4f1f1ad3fcac5ed98109ed67b1d072,159329,3,,"Solo recibimos un reloj

Atalotes
",2018-03-17,2018-03-19
ca5b86a1423e560c086b5a2a06c9f702,162739,5,,,2018-03-26,2018-03-26
3bf0ea69585fc6f58724858685a4fdde,167999,5,,,2018-04-08,2018-04-10
b34f4a786bf00b7c8486141ba482783b,106909,3,,,2017-05-04,2017-05-22
81bd904318b21a7a431fb17333d6d75f,120949,5,,,2017-08-17,2017-08-18
81648dc10c6e3f763cdc0dbcd073d055,102288,1,,,2017-03-19,2017-03-21
6d5cbd66b8b52a035e44276fdda28797,105868,5,,"Entrega rápida, producto como se esperaba",2017-04-20,2017-04-21
f74dd1cc5d081bff126d062eec26f695,175380,5,Excelente,Todo como se anunció ... gran producto ...,2018-05-11,2018-05-12
9d14b1424ca737608bc50f9d3c1a78bb,158304,3,,"Producto de buena calidad, exactamente como se anunció, y el bajo precio es una atracción adicional.",2018-03-20,2018-03-21
9ba260ed7e6a228e5e9910e035a70c7f,138623,1,,Solo se entregó una unidad en lugar de dos.,2017-12-13,2017-12-15
a3d308c5563d93a99c7896bf7ff94e80,107490,4,," Me encantó el producto ;; Recibí antes de la fecha límite acordada, fue muy hermosa",2017-05-10,2017-05-15
cf5d3abbc10e5f4de160732fe03432ce,105775,5,,,2017-04-12,2017-04-13
3f71ee62eb5acdc9b5121f6d99901583,172160,5,¡¡perfecto!!,Muy satisfecho.,2018-05-01,2018-05-08
668aad714767396c2b7d949a27913bb7,184388,4,Lol mascota,Excelente producto pero demasiado caro !!!,2018-07-03,2018-07-04
58406c869aee1279738d424c782197dd,155620,5,,,2018-02-27,2018-03-02
ddda0fa55fc550a8f14f6ae00652fcf9,141778,5,,"Excelentes productos, entrega rápida.
Super Recomendar !!!",2017-12-22,2017-12-23
cf1917bdb6925187eb7886ad0a11e745,188692,4,bom,,2018-07-24,2018-07-27
699b866b71b5ad31f1faa2b1ab4fe1a6,146327,2,,"sí, recibí más con defectos, los accesorios son dos iguales y no cierran
",2018-01-18,2018-01-24
aa4ee92c0493c4704770de97f83d8307,158105,4,,,2018-03-03,2018-03-05
d2ab760b550d788a438048f6fca52aef,145455,5,,,2018-01-11,2018-01-12
73a58bd10f2667a04ee95df0071d5988,140123,1,,Todavía no recibí,2018-01-06,2018-01-06
30a4f0f115950517b46d48046b609bd1,197720,5,Excelente,Tuve un excelente después de las ventas a través del Sr. Renato,2018-08-24,2018-08-24
f4f8e13b8168880f7b713dccfd735136,191183,5,,,2018-07-29,2018-07-29
16e2b94c7b6c1107c0abec3a77ae3afa,159906,5,,"Realmente me gustó el producto, la entrega llegó antes de la fecha límite. Lo recomiendo, está bien equipado en el teléfono, no toma la elegancia del dispositivo, como otras cubiertas que lo hacen monstruoso con el tamaño.",2018-03-18,2018-03-19
0a9d200bdef258e70eb48398e1287d6d,172697,5,1000000,Muy bien,2018-05-11,2018-05-12
41b377e06cb52feb5630c3ce360cd8cd,124685,1,,"Hasta ahora no he recibido este dispositivo para una pregunta de salud, por lo que no recomiendo esta tienda.",2017-09-30,2017-09-30
34b00aebc110240a17917edaee0349ce,176848,5,,,2018-06-05,2018-06-06
992023bbcd993d43bcb2137c30896d36,139182,4,,,2017-12-20,2017-12-28
cea53cba54c5c3a5d28db7b0bb013ace,123423,5,,"Recomiendo a todos. Producto de gran calidad, entregado sin problemas.",2017-09-14,2017-09-15
557713e818e5930b6357e49ff07d21d1,134643,5,,,2017-12-08,2017-12-08
19910e37f2130c56f553edfbdc0c65fb,188849,5,Gran costo x beneficio,El producto llegó a tiempo. Llegó como se describe y es excelente.,2018-07-21,2018-07-24
23203fee216a06223e8f613a700b8096,144013,5,,,2017-12-30,2018-01-04
4564316d686dc211b70511906d579588,117802,4,,"¡El producto llegó antes de la fecha límite, y me gustó mucho! ¡Ahora mi hijo de 3 años disfrutará el máximo!",2017-08-02,2017-08-03
1ff86f2ca823caab2e02507d2633081d,159646,1,,"Me gustaría saber cuándo llegará mi producto.
Debido a que la fecha de entrega programada ha pasado, ¡me gustaría una respuesta que estoy esperando!",2018-03-22,2018-03-25
30aadf8886ca1e6aea4a06c0609a62c8,101213,4,,Nota 10 tienda,2017-02-17,2017-02-20
90c97635117ec8ad921c8ea23ec0a4f1,134600,5,,,2017-11-29,2017-12-06
179ac76606aa67e8f50238e3bb1d8933,104167,5,,Felicidades. Lo recibí antes de la fecha límite. Todo correcto como fue acordado.,2017-03-29,2017-03-30
d49137ea593f67aa74446503e88aa91d,168092,1,,"El producto entregado difiere del pedido
¡Es un producto inferior!
¡Me gustaría que se resuelva el problema!
¡No estoy satisfecho con el procedimiento!",2018-04-21,2018-04-23
4fa8392da03c452f77faa3f2952fa346,177202,5,Bien,¡Muy bueno!,2018-05-24,2018-05-26
d3b4d016ccfc708c50866b550f903b9d,143690,2,,"Compré el producto, pagado en el boleto y solo recibí la mitad del producto, anuncié que una cosa se envía otra. Muy insatisfecho 😡😡😡",2017-12-31,2018-01-03
1708bf606fae9970482894dabb9e2fa8,112578,5,,Entrega antes de la fecha límite de productos muy bien mantenida.,2017-06-17,2017-06-20
cbd63dc4f83043f2714e48fe8a83957d,114300,5,,Producto de gran calidad. ¡Me gustó!,2017-07-18,2017-07-21
142b9ed4c75528fabceb361afe3160ca,108628,5,,,2017-05-23,2017-05-24
1c462c305b8c599a6d845d30ecc0b51f,116809,5,,,2017-08-02,2017-08-03
c1f198cdce8b992a9cddc3aaba11e689,193644,5,Excelente producto y entrega,"A pesar de la demora en la emisión de la factura, después de que se emitió la entrega fue rápida y el producto llegó bien empaquetado. Recomiendo.",2018-08-21,2018-08-21
f11d548dc1a7c713bff0b6d2ef0dff7c,107764,5,,,2017-05-23,2017-05-24
19074f5809403265fc47263ea93325ee,158989,2,,Compré el día del producto a principios de marzo y no recibí a tiempo apertura a un protocolo para resolver mi situación.,2018-03-29,2018-03-29
c54629f4fc4dcf65a10efb35322ec769,168159,1,,"No recibí el producto, así como ningún contacto del.",2018-05-12,2018-05-14
a0f06329e17ec2ed630c056bbdefdb90,115167,5,,,2017-07-26,2017-07-31
d10aa47a4914ed4e55ee13dc41198aa6,187627,4,,,2018-07-12,2018-07-12
1c6d1543dc13cb2465c63ac5de6cb4d0,117869,1,,Ni siquiera me muevo :(,2017-08-10,2017-08-10
31b60e2f8f2acfe8f213ca252f1066c1,167813,5,,nota 10,2018-04-25,2018-04-28
1f836d160f50247a394034abd93b7c24,144015,3,,Esperando el instalador,2018-01-17,2018-01-19
a835f8e62dd58cf9c07678bdd7cfb935,126668,2,,"Compré un producto para ser entregado por esta tienda.
Y aún no lo he recibido
Porque la fecha de entrega ya ha pasado",2017-10-25,2017-10-25
d92b28e1533de65ba31b2d6756a72faf,147727,5,,Gran servicio,2018-01-23,2018-01-24
b66f1f980a4832698b613bcce72bb779,120137,4,,"Gran compra. Gran producto. Solo me perdí una declaración entre la compra y la llegada del producto, solo contacto. Pero gracias.",2017-08-29,2017-08-30
782be3066f784bbc0a5f4f5256172488,147572,1,,"Llegó de acuerdo con las ventas posteriores, las ventas posteriores no respondieron ninguna de mis preguntas",2018-02-16,2018-02-22
18bd431e32992cfb5c9411f75b7a9462,148319,5,,,2018-01-31,2018-02-01
ed4872517871f01678faaa607b47f542,171591,5,,,2018-04-27,2018-04-29
1489ef235189b9e5e1a9d4308bf228bd,140387,1,,"Compré dos mochilas, recibí solo una, ¡llegará la Navidad y hasta ahora nada!",2017-12-14,2017-12-20
4e1405f0b0135537af069f2bf26db067,160013,4,,,2018-03-29,2018-04-03
26c45530efaca67680b0df712600454a,156730,5,,Perfecto,2018-03-01,2018-03-01
b0ac2d014efe743e181a5e8dc9cfb8ad,150500,3,,"El precio fue excelente, el tiempo de entrega que es largo (más de 1 mes para entregar). Compré 2 cartuchos y entregué solo 1, me quejé y envié al otro dentro del tiempo de entrega.",2018-02-22,2018-02-27
13b95ae5195e069d47c2b585c8e9b4fa,108688,5,,,2017-05-18,2017-05-19
0e5149ccee3f7414ba4d17c13f051259,193026,1,,,2018-08-10,2018-08-12
edd86e0af4dc62b340c60d846643cbf9,193050,5,OK PRODUCTO,"La fecha límite se extendió, pero se entregó dentro del período publicado en la publicidad. Silla según la foto, viene para ensamblar, más fácil y más hermosa",2018-08-28,2018-08-30
5b6a0d5350fe3036f41d543d06eb7a5b,177402,5,Excelente,"¡¡Simplemente hermoso!!
¡Me encantó el producto!
Tamaño perfecto !!
¡Compré varios productos, he estado comprando en Baratheon durante años!",2018-05-20,2018-05-20
fca9e25ea5a45618c38043d7c5a0d5e7,126408,5,,,2017-09-30,2017-09-30
11b7da00e5de667df747bfed746cd44f,175290,5,,,2018-05-18,2018-05-20
18abfe82de3995ac67d737ecc8189a31,164137,4,,¡MUY BIEN! Llegué a tiempo.,2018-03-28,2018-03-30
9f47b47620392148a6b42f7e9dc6a0de,167103,5,,,2018-04-07,2018-04-10
c374da82d5c67281544168e3cfb22be3,163408,5,,"Gran, precio, entregado antes de la fecha límite y el producto de la gran calidad.
",2018-03-22,2018-03-22
bbb937e9c2b62a2205af03e8a7fed42b,142640,2,,"Compré un reloj de regalo de Navidad para mi hijo y hasta ahora no ha llegado. Envié mensajes y en la última conversación el reloj llegaría ayer, pero no recibí nada.",2018-01-06,2018-01-11
ff731b3003db61e9b13f4bce22169a6e,167216,5,,,2018-04-14,2018-04-20
7a22d6db88fba0b2a2415554ed9550cc,177289,5,,,2018-05-22,2018-05-24
77ac6288ca3e09284cb264d6b0b4d7a2,142931,5,,Solo pude entregar fin de año más rápido,2017-12-29,2017-12-29
624b50017953c221553a76cb6054fd99,165519,5,,,2018-04-03,2018-04-07
284e9d66ebdec028eab3b817447014ac,138660,5,,"Gran venta, todo perfecto.",2017-12-09,2017-12-11
3814f35a6ebd64d27e2130f30ec05255,186938,4,5,,2018-07-11,2018-07-11
8cefe3a9813651b3fea1f07419028846,171092,5,,,2018-04-26,2018-04-30
4276cb3d2b2519d9e1d714a9905c58e4,182257,5,,,2018-06-13,2018-06-13
6da81e382fb8dd05e3eee245da7d9f67,122341,3,,,2017-09-06,2017-09-07
dafd8ae6a06afff04e7a38a08caa4cf6,193993,5,,,2018-08-23,2018-08-23
379257bd64668acb78bd8ec29dba040a,123657,5,,,2017-09-09,2017-09-13
5f6c597337e14b64ddfe5f7a2175d3a4,192456,5,,,2018-08-02,2018-08-03
ffc7f65cce6ee4435163a575704232ee,129866,5,,,2017-10-25,2017-10-25
b297a6deb0afe6ada1c2b0fe0365de83,153924,5,,Producto de gran calidad !! Llegó antes del tiempo esperado. Amado <3,2018-02-10,2018-02-10
94d91bb24cb49c1e51270f27677648a1,185818,5,,,2018-07-03,2018-07-04
b495f6f95880a213da87b39539fefad9,103955,5,,"¡Llegó bien, envío rápido!",2017-03-23,2017-03-27
e3521b5c30d5373a17bc384b93722b2f,147692,5,,,2018-01-24,2018-01-25
88b1ded591cdd8c4f48c5285c7599392,171622,5,,Estoy muy satisfecho con mi compra y la recepción del producto; ¡dentro del plazo!,2018-05-03,2018-05-03
7dcdffff094e4beb8bf2d77645e229c3,174577,5,,,2018-05-15,2018-05-16
608e890852fc78c3854d83a0cfab8557,138099,3,,"Hasta ahora no he recibido nada, la colcha estaba programada para el día anterior a ayer (18/12) y hasta ahora nada",2017-12-19,2017-12-21
057c9a1e8e767d8bf6fa59ac43a82435,187689,4,4,,2018-07-13,2018-07-14
cb0de6745dc7d44ff821eabbc2613df9,109592,1,,"Los pinceles llegaron arrugados, no coincide con algunas fotos, pero coincide con la descripción. Son débiles, no se ajusten al caso y una venida genial",2017-05-26,2017-05-27
0871369412bd49aef1b9f916700a9495,131411,5,,¡Producto correspondiente a mis expectativas! ¡Fue entregado antes de la fecha límite establecida!,2017-11-01,2017-11-02
9789da30de867a89d9e05b5cd70372c1,112751,1,,,2017-06-21,2017-06-23
1a04e92b8fa81f25ee670c02c1f15991,154041,5,,,2018-02-15,2018-02-19
8e373e7ef1e8482b14f5fc9eab320041,181401,4,,,2018-06-12,2018-06-12
e47020cf52099bce9dc57524ea41218b,142114,4,,Indico que la tienda siempre compra en Lannister.,2017-12-30,2017-12-30
dad605a71e59cdef6fcecfc9bf514ca1,100644,3,,,2017-01-31,2017-02-01
71f7323f884804c6d38bbcd658e07318,169554,1,,"El producto fue diferente de los espectáculos de Q en la foto, no es lujo ni acolchado como decía.",2018-04-19,2018-04-19
4b6444e4c98320d231a3b0f26a4fe969,155840,3,,,2018-03-09,2018-03-09
e92d07515318cef52299bd1c5ac7e9d2,129223,5,,,2017-10-25,2017-10-26
180e67ff4510555ef7d76de7fe42c11c,128059,5,,"Todo era normal, al igual que una compra de Internet. Gracias.",2017-10-17,2017-10-18
73b1be63f6d1ae4d903c685eeb9164bc,146572,5,,,2018-01-19,2018-01-22
298e3f98344a46d7f46552202688aca3,158950,5,,,2018-03-03,2018-03-04
7dd163fe175817e9e57f965a4382ecab,172272,4,Recomiendo a todos.,Buena compra.,2018-05-11,2018-05-11
5079818012d1d32f26bf997a896cdd14,182243,4,,,2018-07-12,2018-07-13
5a7e3a63630362fd85fd058c87f33bbe,156009,4,,,2018-02-28,2018-03-04
30b54835fe8c1a326303cafbed4d189f,177614,5,,,2018-05-24,2018-05-24
500dab66d2c2cc1b14d64d0e1aa346db,169887,4,,"El producto llegó a tiempo. Cumple con el beneficio de costos, pero la bolsa no está forrada y el mango es de plástico. Estoy satisfecho.",2018-04-21,2018-04-22
07a89e81e4631f2eb2111e4cf347f006,199060,3,,,2018-08-29,2018-08-30
9e96e374304db42a8aecd4a97d53cc1b,196489,5,Super recomendado,Estoy completamente satisfecho con mi adquisición. Y recomendarlo. Lo único con lo que no estoy de acuerdo es el costo de envío. Autor.,2018-08-21,2018-08-22
4ff4a9def88a920ce3dcdbaa6d8bf344,168581,1,,,2018-04-21,2018-04-21
32cba2bc8e4b8a57f2063c108e2d6693,130447,3,,Compré 02 solo enviado 01,2017-10-28,2017-10-29
65dab25c331161f3d9192aa477db0733,120012,5,,,2017-08-12,2017-08-13
86b8f28757b213a5f9888c8f31f15dc5,124399,2,,"Parece que mantiene bien la comida sin marchitar (papas fritas), pero la tapa es extraña, parece que no se cierra. Y el acero inoxidable del Tam es feo.",2017-09-20,2017-09-25
2afe3bd43d00fe8743d030db08906ac8,154611,5,,,2018-03-15,2018-03-15
5bed105c6756af72c550e78d4e9bcba7,120715,1,,"Estoy esperando una respuesta a este día, sobre mis productos, me han pagado y no los he recibido, había 03 iguales y necesito hablar con personas y no máquina o grabaciones.",2017-08-19,2017-08-20
a1a1644e07b2f6a2183e379b0a0084a4,182717,5,,,2018-06-22,2018-06-25
4af54aa9664523133709e2e8f0aeb6d2,116472,1,,,2017-08-12,2017-08-13
eb5be90ba891b7b7e4c25228c23ad3c1,130394,5,,,2017-10-31,2017-11-02
21d7fa60f781a98de43940c2573d07ee,198375,5,Super recomendación,Entrega y producto perfecto!,2018-08-24,2018-08-28
60c3010f8cbb8a333c397d1f1f85a004,114177,4,,,2017-07-01,2017-07-03
3e0449b3abd6563eef3fab99a2e5a9ec,101976,5,,Felicitaciones 😤 por el servicio de excelente calidad.,2017-03-09,2017-03-10
035cdc5e7ad5192da517cd947ed17a98,197356,5,Excelente Loja,,2018-08-21,2018-08-22
9be8656dd570c54e69aeb6439efe3c32,186675,5,,,2018-07-05,2018-07-06
19205689f830b4a8f7372c7655e7c4a7,137241,4,,Producto entregado por adelantado.,2017-12-08,2017-12-11
eef70853bc2749c46023aec118a63b60,151805,5,,,2018-02-03,2018-02-06
073075873e2d7603248cfc951ad7c2c8,115227,5,,"Me gustó comprar, recibí el producto antes de la fecha límite y la buena calidad. Recomiendo.",2017-07-22,2017-07-25
56a99a0d28b6768869ef421127a8bf14,102615,5,,,2017-03-15,2017-03-17
346eebaba2a75e74578be00d7094e0c9,109391,3,,,2017-06-03,2017-06-07
505f890341880ff7158b09cabfd90ece,102465,5,,"Super recomienda, Stark siempre llegue antes del pronóstico DTA = D",2017-03-22,2017-03-23
f8629b549f7dbe5911ac684cd67b75ad,162362,4,,La oficina de correos no entregó,2018-04-05,2018-04-05
63f31d7ca2f26a15d6dc7acae2effaaf,124630,4,,,2017-09-19,2017-09-20
2f17f8ffe35062ac9d76c4dde9c181eb,100194,4,,"Entrega hecha a tiempo y producto en perfectas condiciones
Felicitaciones al equipo",2016-10-20,2016-10-20
cb0afd21795569cda373d39c5a0ca502,132579,3,,aún no recibí el producto,2017-11-18,2017-11-19
d34ad0ccdfa8649968e8eb3cac55e8b4,125004,1,,"Me gustaría recibir los productos correctos, intenté hacer el intercambio de la devolución del dinero en la tarjeta, pero el sitio web de Lannister no permite que se realice.",2017-09-17,2017-09-18
12f226601192062b644b158e0af9e723,190018,5,Super satisfecho.,"Producto perfecto, entrega rápida. Estoy muy satisfecho. 👏🏽",2018-08-08,2018-08-09
3dd514ea6f6f78b2bec94ca3e8a41038,185905,5,,,2018-07-04,2018-07-05
2d0d80576ee9bbab49cc108d9ec7a0fb,101040,1,,"Mi producto fue defectuoso, regresé como informado. Post -Post como se indica. Y hasta el día de hoy no he recibido ninguna notificación de la compañía con respecto al regreso y el análisis para tener mi",2017-02-21,2017-03-13
c70f661829da37bccaeda6bcb6aed01e,164715,5,,La solicitud llegó antes de la fecha límite. Gracias.,2018-04-03,2018-04-04
45d1572f5bfca2707ae6748265f8169a,167412,1,,Solo recibimos 1 cartucho que ya hemos abierto quejas en el sitio y aún no hemos recibido una respuesta.,2018-04-13,2018-04-16
25fda988dee00164bb85f0797965ba48,141551,5,,,2017-12-15,2017-12-16
cca1567911b8150cfda5ce46e6a8ad7a,124143,4,,"Producto de alta calidad. Descripción Hace con el producto
Entregado en el momento adecuado.
Recomiendo.",2017-10-01,2017-10-03
8f16e30ff188fe57a427fee7afb60c90,109242,1,,La mesa llegó todo arrugado y golpeado.,2017-05-25,2017-05-25
a099d25e117c98a5d7ae5b70119b7f32,117418,2,,"A tiempo a tiempo, podrían acelerar como en mi otro producto que se entregó en 2 días.",2017-07-29,2017-08-02
1cad212e3e316a6e08a196441003bd3b,157511,5,,,2018-03-02,2018-03-02
576095ab61345b973e9ee6e8d10b0ebb,114381,5,,,2017-07-04,2017-07-05
a9d07fa7b9fb1486b3fe36ddc456adb8,102418,1,,,2017-03-14,2017-03-16
90d7c8c2bc4d1328995149f3fd6ea941,123568,5,,El reloj es hermoso y la entrega fue muy rápida. ¡Recomiendo!,2017-09-07,2017-09-07
9de4447d8219a53f08afc52a7fe4c0cc,190082,4,,,2018-07-26,2018-07-26
c773e43d2abb5692d3184d1446750b7e,132274,5,,,2017-11-15,2017-11-16
b0122cb1623fa4d1e74e7ab9de549465,150238,5,,,2018-02-09,2018-02-09
294845299f875a2abb84852d4c5be77b,176671,5,,"¡Me gustó! Pequeño, fácil de usar, no se rasca y limpia la piel. Recomiendo",2018-05-18,2018-05-21
d433c252647c51309432ca0b763f969b,118661,1,,,2017-09-03,2017-09-06
83f2d758c5e31f14e3d8ce9bff55780e,176632,5,Super recomendación,"Como siempre, excelente servicio.",2018-06-09,2018-06-11
da0e38f1e309050bbc68b200c2538188,172066,5,,,2018-04-27,2018-04-27
f43eeb6bb515e7c94635efb799ac5901,131640,1,,Hasta ahora no recibo el producto,2017-11-19,2017-11-22
adc8ddfaff4796fcc8c8997ff659ef0a,125912,5,,,2017-09-28,2017-09-28
4ba573578ef9ba73205025d483690779,104047,4,,"Como siempre, Lannister ofrece correcto",2017-03-23,2017-03-27
294ac04cc8ee1d2073999678cb401c88,107986,5,,,2017-05-10,2017-05-11
9f019401b5ea4ff08cdfcccc92aa7703,148932,5,,,2018-01-24,2018-01-24
94d950a41403f4a115ab713488ddb3cd,149626,5,,"¡Producto perfecto, llegó antes de la fecha límite!",2018-01-30,2018-02-01
dbd06e3177ccd26a3c617b5155a1d5c8,101876,5,,,2017-02-25,2017-02-27
56f8b1f478a87c6604588ad148e61ca8,191662,5,El producto es muy bueno,"Muy bien el producto, mejor de lo esperado y se entregó a tiempo, realmente me gustó.",2018-08-07,2018-08-08
7b66de927426b71a817aa36df5e8a0b3,120159,1,,Muy buen producto y precio cobrado!,2017-08-17,2017-08-17
24d8a757a4197c3fb20d65daa4efb420,134586,5,,,2017-11-28,2017-12-11
f90a3cc882abfe97a109dbd6d6e1203a,126443,5,,SDDS,2017-10-04,2017-10-04
a425fade0a366210ed595648f21cb93d,154330,5,,Muy buen producto.,2018-02-24,2018-02-25
b86988a140e7bded0f6148915ec33ffa,118543,4,,,2017-08-18,2017-08-18
d759baf5b86943cc94607ca678da40f4,196036,5,ótimo,,2018-08-16,2018-08-20
8e3c1c15d5d929f2ad15bf1a56b899cf,180192,5,,,2018-06-04,2018-06-04
1bc81267d7224fc158ed0d4bd4473b0c,112998,5,,,2017-06-21,2017-06-22
7f2c8f10a5eec4375a11cbcb3573310d,168674,5,,La entrega a tiempo es importante.,2018-04-18,2018-04-21
c68c027ea1d9979f147099c68efd93e6,180739,5,10,"Realmente me gustó, el objeto vino al mismo tiempo comprado, ya compré en otras tiendas y vino otro color ñ al que le gustó. Con Lannister todo está bien.",2018-06-19,2018-06-22
edb68b4c85dad7d34c229ea607b8578c,178183,5,,,2018-05-25,2018-05-25
d2b2e7612330948a735af300611bb922,151416,3,,"El dispositivo ha llegado con defecto, no presenta todas las funciones en la pantalla digital.",2018-02-16,2018-02-18
e9c0f57b4407df02dc7248e0c2acc520,153962,5,,,2018-02-09,2018-02-14
bde05133984518116b3d77d994e375d3,182617,2,producto incorrecto,El producto no está en las medidas correctas indicadas en la oferta. Tendré que llamarte para intercambiar,2018-06-14,2018-06-15
253662a4cd78b84ca6547d0359fe90f6,163115,1,,Esperando un retorno urgente.,2018-04-15,2018-04-17
1eaf9c9223fcb221f246741e05d75399,150485,4,,,2018-02-18,2018-02-27
24203dee295cf23bd24b7ace9bca261f,134918,1,,"Producto más que el momento de entregar, trato de resolver el problema con la compañía y no puedo hablar con nadie. Todo lo que hacen es pasarme para quejarme en un sistema que no funciona.",2017-12-16,2018-01-04
2cc3122c7a438a1e2b38cfe2b309c401,153006,5,,,2018-02-16,2018-02-19
38bcaf95057f842c3b64408733eaab1b,170596,3,,Solo recibí un producto. Se informa que ya recibí ambos. No recibí el estante de zapatos.,2018-04-28,2018-04-29
3da28ed278dee769dd4d7d6b6d536773,110839,5,,,2017-06-06,2017-06-07
4f3d4af8f472d4ccd334d4222c4e9ef4,160930,1,,Daron una fecha límite muy larga para la entrega del producto y no pudieron entregar,2018-03-25,2018-03-25
8bc4d875dbab927e9190060688edc80f,113368,2,,Excelente producto que indico a cualquiera.,2017-07-18,2017-07-19
cf8b4347ae76e6b7992a8c63f3d51774,189821,5,excelente,Entrega correcta en el tiempo óptimo.,2018-08-03,2018-08-06
f450a5ec6ed680bbcb25bb73ae1a9f93,193354,5,,,2018-08-08,2018-08-08
d866da31ddcd55611d096d852843b2f7,165215,4,,,2018-03-29,2018-03-30
d1022bc36ae98c11c7479dedc36f837f,164489,5,,,2018-04-04,2018-04-05
2165b2b26e67eee7a9d28e13c0ad0468,173039,1,,No recibí el producto. ¿Y ahora?,2018-05-30,2018-05-30
34f0227375e43333b0faf3f6f8e8c57c,151021,4,,,2018-02-01,2018-02-04
ae83a790a3f01e1c43dd4d2863cebe0c,158078,2,,,2018-03-17,2018-03-17
857799c828ec70cacbd6f18646f7733b,144665,5,,,2018-01-07,2018-01-09
38a985068dbfaad5fe55f9eb6b5e8651,171520,5,,,2018-04-27,2018-04-27
c02f9133515444a1281341896eee1a21,193872,5,,,2018-08-17,2018-08-17
fed701d8d331019dcc29237db66c8523,113966,3,,Llegó arrugado ...,2017-07-07,2017-07-08
d652b9acf87424aeb3fad6f98ec24c0c,131445,5,,,2017-11-18,2017-11-20
11c3e9036551ef3649c3c781f9d24e1d,101650,5,,,2017-02-23,2017-02-25
35648f4fd4ee1e81974b75919da408f8,192312,4,,,2018-08-15,2018-08-18
3e6c4fc61dff0babb5fd4d370230a44d,186678,4,,,2018-07-11,2018-07-11
9dc35c0d556a65f1c4aff189de0d60c3,100609,4,,¡Recomiendo!,2017-02-03,2017-02-12
2eeefc4cf6ad9a0a7c708ad556dc1947,172279,5,,,2018-05-09,2018-05-17
1edf2a3596b417ee8485f64c7c2109ac,142963,1,,"Compré una alfombra de goma para TR4 Mitsubishi, la tienda entregó una horrible alfombra de PVC
En el título Ta Rug Rubber Tr4,
Me engañan y ahora qué hacer es que hay gastos para regresar, para",2017-12-28,2017-12-28
3a3ae0e3f4a7d6b4d1cbdf1b1732e424,107088,4,,,2017-05-24,2017-05-24
f54fd311f6fd8cd1b4affd14bdaf04ce,185868,5,me gustó,Gran perfume. Maravillosa fragancia. recomiendo,2018-07-12,2018-07-15
9e7431393db15c66d3441e13b69845b4,128657,5,,,2017-10-15,2017-10-16
a23517f5ce9a3db9e7c5c9f2b21cbab5,142581,5,,,2017-12-22,2017-12-22
43310eef57e5f5f520cdb52f91b9876f,114004,4,,Muy bien y rápido y el producto llegó en buenas condiciones ahora e incluso hizo las pruebas.,2017-07-04,2017-07-05
7c38b0697f3d800e6314b76b382a9f7e,190705,5,Plataforma,El producto superó mi expectativa. El tiempo de entrega se anticipó en 7 días. Ya me instalé y fui espectáculo.,2018-07-28,2018-07-28
5f222f80c589a6d83c18dc844bdb224c,169772,5,,,2018-04-19,2018-04-20
2be0bd7ecd66f819ee77ebc5ab6f5eb5,166448,4,,,2018-04-21,2018-04-27
681f83974b36c2f3b2dbb66b31c2d101,192890,4,,,2018-08-03,2018-08-04
13af9d6501d608374c69d002c6b37ce1,126710,5,,entrega rápida,2017-09-30,2017-10-03
3fad09fa54b5805911e6be87b7230e43,125895,5,,,2017-09-23,2017-09-25
5f35bbde2b32b8617aab15b7a9a0ae24,135330,4,,,2017-11-26,2017-11-27
02303acbf32fcc6401f552eaef2bf19f,127838,5,,"Pronóstico de entrega hasta 18/10, recibí el 10/05, excelente.",2017-10-06,2017-10-06
042cc1dce52180def6df9349b817ae86,187358,5,,,2018-07-10,2018-07-10
f99ff17e430a53efe61d359faa3b425e,183315,3,PRODUCTO CON DEFECTO,Solicité la devolución. PRODUCTO CON DEFECTO,2018-06-27,2018-06-28
169f34e00e26eea55ba60c7b19170e66,174271,5,Regular,Compre en sí es una buena lástima que el americano no sea de atención al cliente,2018-05-10,2018-05-10
4b7c54ff8421ab4c6387ddc0336ec4ef,125158,5,,,2017-09-25,2017-09-27
3ddeab8903b5a44dc3fc4d34b3a476f3,116703,5,,Exactamente lo que necesitaba,2017-07-20,2017-07-21
cd9125d39cfcb70ed3967732642e4864,112391,3,,"Encontré la calidad del producto muy mala, ningún arbusto o tornillo se arregló en la pared.",2017-06-15,2017-06-19
1aab39030ff449c992217a3b137539eb,165711,5,,"Gracias, llegaste muy rápido",2018-03-30,2018-03-30
de8687414f9af365244969591642d01a,136244,5,,,2017-12-07,2017-12-08
c4c4a9671d396350ad5bf3371c7d0bd8,149812,4,,,2018-01-24,2018-01-26
727e90447c06918e0d7a7a6d0db040c1,156053,4,,El único problema es que el marcado de la fecha es el marcado estadounidense.,2018-03-11,2018-03-12
11d080870bba1f6ee139bd07dc192d2e,172379,4,Bien,Creo que el producto debería tener una fecha de vencimiento más larga.,2018-05-15,2018-05-15
b61f36743e4a0515b72a09a6f347efc4,173083,3,,,2018-05-27,2018-05-29
a68b5b20f860f7904fd5486d3a2d5173,174282,3,,,2018-05-25,2018-05-25
02458b01a713491f771cf60ad071ac3f,182682,5,,,2018-06-28,2018-06-30
8c7c2545647efc4f2b99316c0d7353de,131843,1,,,2017-11-12,2017-11-14
9a2056d86f12c153d8fbc8d9005e6ac8,171116,5,Entrega antes de la fecha límite.,"Entrega antes de la fecha límite, recomiendo esta tienda.",2018-05-12,2018-05-13
f123f63f9578267e1ed425f21e6b2924,184728,5,,,2018-06-29,2018-07-10
d5f52592440083e468b7d8a45a050dd7,169864,1,,,2018-04-24,2018-04-26
fd3d03c6a501c1b3de0bf420354ab595,102157,5,,espectáculo,2017-03-03,2017-03-05
5f9483db06c86d72dbe9b41a54d0301b,158256,1,,,2018-03-25,2018-03-27
8c8ec6ed4210b3d764d3dd3bbe9e87d9,194183,3,,"Buenas noches Las tiendas Lannister son geniales, me encanta el sitio hoy. Haga muy poca compra por abuso de flete, desafortunadamente no paga como antes, pero necesitamos comprar gracias",2018-08-15,2018-08-15
bc84fbdb0fe01d7532f76f27be322d0b,132597,1,,,2017-11-17,2017-11-18
4c978efa3014f70eece28f78600e3292,120068,4,,,2017-08-20,2017-08-20
457d3e9951f4f059f364f622ff647bac,144227,1,,,2017-12-24,2017-12-25
afbb31d9903a484844c6968cf4600ff3,158457,1,,,2018-03-22,2018-03-22
5c0ad168fd153764ac71b2b57f45b9fd,134343,5,,,2017-11-22,2017-11-23
822d2aa4928821a5cc6bd01f363ea266,184010,4,,,2018-06-23,2018-06-25
73a81f31811111e89da4070c915c6fc8,182891,5,,,2018-06-16,2018-06-19
4134c48913c1320324b96ec0f708df65,148494,4,,,2018-01-25,2018-01-27
2acc7c2cb1cc5ecf180610f8f505af5b,166998,5,,"Excelente producto, hermoso y sofisticado.",2018-04-22,2018-04-24
185ddd533ae43daef9e6e905f5bd0207,121706,4,,La factura no vino,2017-08-25,2017-08-28
7a845d0d61a2195360d6856d4f0bbaa8,173410,5,Super recomendación,"Muchas gracias, porque recibí el producto correcto como se encuentra en el sitio, la entrega fue súper rápida. Estaba muy contento y definitivamente me referiré al amigo.",2018-05-08,2018-05-10
0643e09decfa0910bdc5645ff1914b3c,116064,5,,Producto de entrega rápida como se anuncia,2017-07-14,2017-07-17
d2a447f6214442db7c22636a6ec3a933,164942,5,,,2018-03-30,2018-04-02
c8e2f863d06122704b8ac13e9ef42b06,199135,5,,,2018-08-31,2018-08-31
fb9c35dd3f4294381b42154f21186e83,140987,1,,"Mi producto aún no ha sido entregado, he presentado mi queja y hasta ahora no he tenido ningún pronóstico de entrega. Estoy súper insatisfecho y quiero que me devuelvan mi dinero. Fui a denunciar a Procon.",2018-01-07,2018-01-07
2464e0bf2ea1b52aa5552b70e5a10dfa,102604,1,,La cortina no es el modelo que ordené. |,2017-03-10,2017-03-13
9ee1b9577cf8288c192d2060101e1db4,160117,3,,La impresión está saliendo con pintura débil ...,2018-03-23,2018-03-25
a825b4cf675d670ee0b914688f751e0e,156269,5,,,2018-03-04,2018-03-05
c5976a5a98e854fb23d7e03c6754ae60,117710,5,,,2017-08-08,2017-08-10
70d2258489cae12a65d36c8c09fd54c1,151762,1,,¿Compré rosa con brazos blancos y ofrecí todo negro?,2018-02-24,2018-02-25
e0dc4bf3a60093ee76994fe44150a25c,105545,1,,Necesito un pronóstico.,2017-04-22,2017-04-24
9ffe2034f40d65f5541cfecbd8156e86,121097,5,,Estoy muy satisfecho llegué antes de la fecha límite que recomiendo,2017-08-25,2017-08-28
25f99ae535d54e7bbf90244b78792c0f,126899,5,,,2017-10-11,2017-10-14
7c01583ff2055c3fd37cd3666fa0865a,146333,4,,El producto llegó antes de la fecha límite y cumplió completamente con mis expectativas.,2018-01-17,2018-01-18
b233702fef3215f3583cc73d0f7fc9c2,177633,5,,,2018-05-19,2018-05-21
bfac0c3a5b1e91f5737057394d4db682,177956,3,Bom,,2018-05-23,2018-05-23
1aa5d3f38b359bc5103fcbdcb2c77223,108384,4,,"Entrega a tiempo, producto sin ningún problema",2017-05-12,2017-05-15
d7dfdfa0beeac5bc126eaf7d231598fd,169944,5,,,2018-04-25,2018-04-26
73c3dcf098d78d2bdd96f22aff4f15ef,196800,5,muy bien,bien,2018-08-21,2018-08-22
e93caf1e1d6e84cc001518f2d191eb5b,102524,5,,Buena calidad y precio.,2017-03-04,2017-03-08
7edfc061041d372e24eb436fbf30c89b,154997,5,,,2018-02-23,2018-02-26
de295095fe4d28a2c536c5761728321d,195122,5,,,2018-08-17,2018-08-22
62c7722239b976d943ec0d430cfe890e,128612,3,,,2017-10-22,2017-10-31
7d3f512004925d5c79e3aa1aeb4dc711,177347,3,,,2018-05-18,2018-05-21
152ffa9780fe798c8e669cd233937853,106831,5,,Siempre entregue antes de la fecha límite.,2017-05-01,2017-05-02
c32a0bca39804573d247e8f19c2859a8,174470,5,,,2018-05-10,2018-05-11
82c65eeeb07cb7979bb2ee04f10a554b,146912,5,,,2018-01-20,2018-01-21
fe98e0fd6c5f6dbc487f984683489837,157719,5,,,2018-03-08,2018-03-08
80877ac989fee57cd52b92256f3d11a0,177759,5,recomiendo,muy bueno. Super recomiendo. Siempre bien.,2018-05-19,2018-05-22
90018c08b2ca29dddcf499cfa5ec54d8,105200,3,,"¡Buenos chicos, el asistente de Lannister estaba muy atento, pero la tienda que debería haberme dado el producto cancelado para comprar? Qué pasó ???",2017-04-29,2017-04-29
84d7edd8faee78b23baea8f3fb8762b4,191337,5,,,2018-08-04,2018-08-06
16c4cbab64fb7841bfe489dde62cfb17,165317,5,,Entregado antes de la fecha límite! ¡Producto perfecto!,2018-04-06,2018-04-07
59de1103af997827cef9dc533ddcccab,161435,5,,,2018-03-21,2018-03-22
ad7204cd98f8e23ff0baddf143a767cd,168888,5,,"Se lo recomiendo a todos, no tenía ningún problema, productos y excelentes plazos.",2018-04-18,2018-04-19
9dafbd3be0c9b24bef2379b68a563802,125523,5,,Me gustó haber comprado esta tienda. Servicio perfecto.,2017-09-24,2017-09-26
62959da0565ab23a736257a18804da5c,171250,4,,,2018-05-05,2018-08-05
677aaf9f1a231a681b4ee59a17ff4a73,196239,5,,,2018-08-22,2018-08-29
3171979b1a7f31c323c2807e85246b47,105460,3,,"Compré una silla, recibí a tiempo, pero la silla se rompió en la parte inferior. Podría ser más cuidadoso en el empaque.",2017-04-13,2017-04-17
3290358432db6915f973e6b11fa1460b,158816,5,,Siempre compro y siempre recibo el producto correcto dentro o antes de la fecha límite,2018-03-03,2018-03-07
ca8e5e40f55fbffaa631de686b627dde,155664,5,,,2018-02-22,2018-02-23
4fe147835743747f5c1ceff423fc0330,151027,5,,ENTREGA MUY RAPIDA,2018-02-01,2018-02-02
12463efbc0d2758938651e4fd1474a72,154263,5,,,2018-02-19,2018-02-21
0758521cb28cad3246d91cefedeb3795,101233,5,,,2017-02-11,2017-02-15
7175561cde726e45abd82eca9a8f5c63,160209,5,,,2018-03-14,2018-03-15
75821c5c8a5c0c6eac2f4c92a9c1fdd6,135589,5,,El producto fue entregado mucho antes de la fecha límite.,2017-11-29,2017-12-01
8972c9666b9346e1c701e1780f9031e9,127657,4,,,2017-10-17,2017-10-20
317a22fbeac23df2d0e098bf85ab709b,174890,5,Excelentes productos,No lo he instalado todavía me gustó mucho,2018-05-12,2018-05-15
7d6499afc459f9db79dbf339e0164286,183361,5,,,2018-06-20,2018-06-21
de7648e683482829b3ac3ba3a4ae64a0,174717,5,Excelente lámpara,Buen producto. Entrega rápida. recomiendo,2018-05-15,2018-05-19
3cb733daf0cbc6a4c3bb5f733cddca7f,195526,5,recomendo a todos.otima.,,2018-08-16,2018-08-16
4cb1244eb3e77c0e12d932664e701c7a,102235,5,,Producto recibido a tiempo y en perfectas condiciones.,2017-03-07,2017-03-08
72cc238a6aa8a5af88b0c17ebf469c95,188674,5,Llegó antes de la fecha límite,muy bien,2018-07-27,2018-08-22
7aa2ec037e7f807fa255339758f39587,132649,5,,,2017-11-28,2017-11-29
2a6e41926e180f124e93751a267af2a6,116802,5,,,2017-07-27,2017-08-08
560effdc2aaba0ed5d37ed8a98cc6af2,133872,1,,"¡Recibí otra muñeca, quiero regresar y no puedo contactarla! ¡Nunca volvería a comprar esta tienda!",2017-12-07,2017-12-11
397f27a0d2936d02d3447864e0398414,127122,3,,"Gran compra
Pero la carga no paga, pesa el presupuesto.
Debería tener envío gratis
",2017-10-20,2017-10-23
355e3b3cd36a00e086a3b0d6554f38ab,127252,5,,En,2017-10-07,2017-10-08
8ec042451b89064557a26251a05b9549,168853,4,,"El producto llegó como imaginaba, por ahora estoy disfrutando
",2018-04-17,2018-04-19
d56d41853973652b669b8c1ef895cd8c,190664,5,,,2018-08-07,2018-08-07
1506b122a0432756e345ff579504c59f,167828,5,,,2018-04-19,2018-04-25
d6050b36487220bdaccd334bb5ef4743,197723,5,Muy buen americano,Gran entrega rápida gracias,2018-08-25,2018-08-25
189089fd0b77adae63b5f9def3573c9b,171669,5,Excelente,,2018-05-11,2018-05-11
d8d62030afbc777000b61bdfc7312939,197962,2,Entrega de paquetes,Creo que debería haber una forma de comunicarse con la empresa si se entrega para no ser entregado,2018-08-31,2018-08-31
7b9ea09f44cf4f5e243a350fa70eab48,132815,5,,"Buen producto, buen momento ...",2017-11-08,2017-11-13
6295f44b9f5347d9d6b619e388341ffb,129538,5,,,2017-10-26,2017-10-27
9ce22b6350befec73bf15364d70588ab,125627,5,,Muy bien. Ya es el segundo objeto que compro y recibí sin ningún problema.,2017-10-13,2017-10-16
2d2ef3021d5a4856e7774efa91ac1c6d,195656,3,,,2018-08-21,2018-08-21
99b5afdcda45e1f9c9f0dc0292b61f1c,139419,5,,Hermosa y buena calidad. me gustó,2017-12-08,2017-12-10
64b981a30a6dd69cbccbbb0109fd5c6f,186269,5,,,2018-07-06,2018-07-09
2c4396eaf37ad89917df567ca6679c8f,189015,5,,,2018-07-27,2018-07-31
13e80f4d3fe96747729573b4a95484ab,169433,5,¡Excelente!,El producto llegó antes de la fecha límite.,2018-04-29,2018-04-29
96475e5347fc82088c8e6f32d01be85c,109411,4,,,2017-05-20,2017-05-21
ac3ab0f5a507850465330d727ec63580,171352,2,,,2018-04-27,2018-05-02
b0a79356dd5f5fd6fe80deb3ab5fa731,141436,5,,,2017-12-09,2017-12-11
43d22e7ad4b610ad6eea390fb72b6a9d,105882,4,,,2017-04-12,2017-04-17
21fe8cbf3cbafbc5018bcd42349c35db,116127,5,,,2017-07-20,2017-07-20
947c812286d4d56e284e8611ef4fb9de,119022,4,,,2017-08-08,2017-08-15
3a9cc3b90bc22af3b6edec6ac5e899c8,114890,1,,"Buenas noches, no me gustó porque nunca podemos hablar contigo por teléfono
",2017-07-18,2017-07-22
6ec93e77f444e0b1703740a69122e35d,125764,5,,Compromiso del vendedor del cliente,2017-10-07,2017-10-07
81bd3fc65e4488e5741cdf8c7c57cc40,171505,4,,,2018-04-26,2018-04-27
23bb19a944b4148d8f438485a594964d,119071,1,,,2017-08-11,2017-08-12
1a91202cd7f4d5acd2bc109d5fd3c047,118912,3,,"El producto no cumplió con mis expectativas, porque las ollas son difíciles de abrir y cerrar y la bandeja donde las macetas van con puntos de óxido.",2017-08-08,2017-08-09
586fc508588a60e529e2c8a234f9771c,153551,5,,,2018-02-15,2018-02-15
e9cd093f959151268d7f57c54c297547,191066,5,,,2018-07-29,2018-07-31
b200a329d942243a5c63cbfb6f1dd7e8,154087,4,,,2018-02-28,2018-03-04
ee9bde038f146b5ece0d9a859cc2a795,142132,4,,,2017-12-21,2017-12-23
974929cd0aae95525e5524f8d666160d,127305,5,,Suministro muy satisfecho súper rápido .. Mostrar ... Felicitaciones ... Dudé y compré un teléfono celular en Casas Bahia tiene casi un mes y no entregó.,2017-10-03,2017-10-04
ddcf5695dfc21bfbc84c5b52cc342d51,171218,5,,,2018-05-15,2018-05-15
51f6ca3d2e468e053a903139137e91f1,168929,4,Recomendo!,,2018-04-26,2018-04-26
678fe12d1503e54f2af9df3595fdb4cb,181947,3,,,2018-06-12,2018-06-14
56fc6462a410dddd67d6644d254018bc,105669,5,,excelente,2017-04-18,2017-04-19
dbfd8cba8b9ceff10f99ac7274f033b3,112799,5,,Todos cien dentro de la fecha límite,2017-06-23,2017-06-23
6ec053f68851a636a8384da6de23a481,159759,3,,,2018-03-29,2018-03-29
bd9ff9329765ed79c1b081269e9f08aa,120341,1,,No recibí el juego en color de tabaco. Solo el rojo.,2017-08-17,2017-08-18
9c1db485ac45eb3490460ef49f2b24c9,138669,5,,,2017-12-13,2017-12-14
3ba4306480ae86226634b10b023a1250,129839,1,,"No fue entregado a mi casa, así que no me gustó, no tengo tiempo para ir a la oficina de correos ...",2017-11-07,2017-11-07
cd8f002e6ad2f2fc506eda02cb46e275,107348,4,,,2017-05-16,2017-05-21
cbaa2ae22347e22bbb037d421072eee9,133421,5,,Compra perfecta.,2017-11-15,2017-11-21
830636803620cdf8b6ffaf1b2f6e92b2,144578,5,,,2017-12-30,2018-01-02
d26b3dcf847dd648290f19b49946f4ae,177372,3,,,2018-05-19,2018-05-21
8bf2ed0dcb199f4db44a16381e8b996b,105079,5,,,2017-03-30,2017-04-02
1c0a2e60f8bdbed3b6d6a09ec379f006,148107,5,,,2018-01-23,2018-01-23
e384c4fe94ea5a6f3663cee2481e29b8,110785,3,,,2017-05-30,2017-05-31
556e5259e2d5b0cbeec371d7a22bef5a,131461,1,,El producto vino malcriado,2017-11-04,2017-11-06
21f18edbba8c5a81ab4d5004b1c88aba,138794,4,,,2017-12-10,2017-12-11
3b89940a3308eeaf4097a1ab47158928,177404,4,,,2018-05-22,2018-05-24
f4ac38a0c605e0acf87051fd53a414fc,161132,1,,"Mi mercancía no fue entregada, ya pagué la primera factura. Quiero cancelar la compra porque pagué el flete y no recibí los productos.
",2018-03-31,2018-03-31
b2afc68cb2d3f8cbf7bf956f76c0855c,170964,1,Mal estado,"El producto ya ha llegado con defectos no jodidos según mi necesidad de uso. Desafortunadamente, la última compra mi totalmente insatisfecho.",2018-05-01,2018-05-04
d7c4f2aaa7ef33177252135f89907b3b,162719,5,,,2018-03-22,2018-03-22
7ea98afafdbe948b63e8007a5cba824c,173006,5,,,2018-05-08,2018-05-10
156e9ca1f645798e0ddf64dfa79566cf,181347,3,,Recibí solo 1 caja con 100 unidades y pedí 2 cajas.,2018-06-15,2018-06-18
25b6aedb3370e27d5d2e899a98ee7370,185153,5,,,2018-07-04,2018-07-05
39d9e0cd65655e7c8bc4f39a58a80e28,173001,5,Ótima ,,2018-05-10,2018-05-13
f76c1205c2a85f2be09fbbe71d8d0b7d,141916,1,,Compré dos colgantes que solo llegó uno. ¿Necesito saber qué pasó?,2017-12-31,2018-01-03
90ee8065d229642eab9c2ffe3b33b91d,176591,4,Bien,"Recomiendo esta entrega de la tienda correcta
",2018-05-16,2018-05-16
8f4c4882df92da5127153b67f5541806,168585,4,,"¡Todo según y ofrece muy rápido! Qué lástima no revisé el color, porque era negro y necesitaba gris. Otro punto que tuve que lijar poco para trabajar, pero nada.",2018-04-18,2018-04-18
e3e7fa42afe0e6ec561dab0fb8d61832,147037,5,,,2018-01-20,2018-01-21
33b6658279f94a6490467dbc850e47a2,172024,5,,,2018-05-01,2018-05-02
a9a9489f00b37728b4905e47f2b95a4d,135633,5,,Entrega rápida y correcta,2017-12-21,2017-12-21
20562de5e34d504826c5b9e893ee1f6a,146237,4,,El producto es fácil de ensamblar y sirve perfectamente el propósito de optimizar el espacio.,2018-01-17,2018-01-18
fa21958cdc768ddc5103568bac35177a,105134,4,,,2017-04-11,2017-04-13
403fc87c877b6678fe666f0f0d2bbf05,197081,4,,,2018-08-22,2018-08-22
31a0d09572da13a6a587b2986e6b1b34,156110,1,,El producto vino con arrugas y tampoco funciona correctamente.,2018-03-07,2018-03-12
8f39f09c22b1ceb6e3eb178d8e50bb8a,159432,4,,Me gusta el producto,2018-03-13,2018-03-14
d25d2e0b0eb387be916ed0f850cca75f,175777,5,,,2018-05-16,2018-05-17
c6efaad58db24d7893e80870315ffd88,158357,5,,,2018-03-07,2018-03-12
727fdc53d2891323aa72c4c79650c325,180247,5,Muy bien,Producto de gran calidad,2018-06-20,2018-06-22
13905f5bad2b4b8d1e14d90688d89c23,158808,3,,,2018-03-22,2018-03-25
64add1e2f5eb25b598466dbbadfb37c3,146408,5,,,2018-01-17,2018-01-17
b9867004151eef78e82f18728f2a3cee,141159,1,,He estado esperando más de veinte días y aún no he recibido mi producto y no puedo obtener ninguna información.,2018-01-11,2018-01-11
19938b43d66363d8c208f1313aaa598e,149085,5,,,2018-01-27,2018-01-28
a7b72ef0a5d669cbf55197d351719c51,100758,5,,,2017-02-02,2017-02-03
5c5486a9b74b631a072e526841ab8b46,110272,1,,Estoy esperando que la compañía devuelva el producto.,2017-06-06,2017-06-07
9c8fa795fde24263e0ccbcbc91b8546b,187340,1,Meu produto não chegou,,2018-08-02,2018-08-02
645f7e14a27e34936f1ed435e2eb8059,130817,5,,,2017-10-28,2017-10-29
1f67b5b46204744b9c8d0b6ab31de815,177712,5,,,2018-05-24,2018-06-05
e8ef92df93348dc8d96b1b6a8b0567ee,167369,1,,El proveedor no envió el producto correcto. Solicité el sabor de chocolate y me enviaron otro sabor.,2018-04-13,2018-04-13
298ffc4bb0dd5670802b63b3ed1eda85,153720,5,,Recomiendo esta tienda.,2018-02-23,2018-02-24
acd691203094a4cf1676db29c52edc85,145245,5,,,2018-01-12,2018-01-14
5dc55cef4dad0e715dbb062e1dd24a03,121101,5,,,2017-08-30,2017-08-31
46bfb3203befc211c0947d6081d17b73,125101,5,,Gran producto.,2017-09-20,2017-09-21
62a46fc83383b0146249fc7345d00c2b,188500,5,,,2018-07-25,2018-07-26
07405437bacbc37e029fe5f5e10cb4c3,186408,5,Excelente,Excelente,2018-07-06,2018-07-07
0add87bb61dde125ca428f3c011f1364,103266,4,,,2017-03-11,2017-03-12
cf6ec44a22aa0a5493571b9de442d618,161762,5,,"Continúe, con esta responsabilidad con el consumidor, tanto en el producto como en el tiempo de entrega. La primera vez que compra y compraré muchos. Gracias.",2018-03-17,2018-03-24
e9c585a94227ab05461a7675ca5f010c,135353,5,,"Me gustó. Moderno, hermoso, mi esquina de café será la parte superior",2017-12-02,2017-12-05
ded7897490401f7aec8ce868a10fea17,186639,4,Recomendaría que sí,"Bueno, eso es lo que esperaba.",2018-07-11,2018-07-15
9c8dec22e76c10ea9da9997073dd41b0,115369,4,,"Todo salió como combinado, nada de qué quejarse.",2017-07-11,2017-07-12
cf75ba3b3b16ca972335c42fbf21efdc,117255,5,,,2017-07-29,2017-07-30
10e0a5b03096868d8110e7c336f15687,130680,5,,,2017-10-31,2017-11-04
40d4f0f7a4a53b1998eb0a0bcfd637af,116132,5,,,2017-08-04,2017-08-05
8c80c295fa55d3bfc5c685c342ecf6d4,166897,4,,"Fácil de manejar, hasta el presente cumple con las expectativas.",2018-04-17,2018-04-17
43375ed8d561b2d0dec4486143cb871c,184016,5,recomiendo,Hermosa entrega de reloj antes de la fecha límite,2018-06-23,2018-06-24
3bc8c5b9110f1339fa79623faca2bfa1,120615,5,,,2017-08-22,2017-08-22
2eb4048dad368d3403dcf6b007d0cdec,114690,4,,,2017-07-15,2017-07-15
43e5286eb9f62cabe4471ec1dff7142a,131730,5,,,2017-11-04,2017-11-05
da9f8f6a08145c2d7c041e57a3f262be,197661,4,Notbuk Cover,Llegó como el más hermoso anunciado.,2018-08-31,2018-08-31
001ce468e08e9ee56753421128bec6f4,188587,5,,,2018-07-21,2018-07-24
f2c8cb38137fa6a2c2ee5831650a6314,160519,5,,Conductas del producto con el anuncio,2018-03-11,2018-03-13
d838d6e37f4ee0ce4d0a56e5d5211038,144257,1,,El producto aún no ha llegado,2018-01-23,2018-01-23
00a1b1c8636bce2a676e93c203c1d585,111447,4,,"Satisfecho, lo recomiendo",2017-06-06,2017-06-08
be33b7156d02fdb16100ff26093b1227,155293,4,,,2018-02-23,2018-02-26
4d482fdd3daec036656387082f22786a,110185,5,,,2017-06-02,2017-06-02
084a39ba9b337efa6cb122af96c4b5c2,117363,5,,"Me encantó, vino rápidamente, todavía lo probaré. ¡Gracias!",2017-07-29,2017-07-31
bc50b08a79b2f5729c815cf3c3d2ba39,119074,5,,,2017-08-11,2017-08-12
266b646bb1e97e0b7fe0bcfbb39029b1,111379,5,,,2017-06-06,2017-06-07
0db1b55476da996d2b2b46a74a6ae167,113219,5,,"Realmente disfruté lo que compré con ustedes, gracias muy pronto, haré otras compras vanda",2017-07-12,2017-07-12
96d1e8f22a19cae23a6255f9062f783f,179727,4,,,2018-06-13,2018-06-15
db64106aff6c7180cb841937f43f5f44,176832,1,Entrega tardía,Aún no recibí el producto...,2018-05-24,2018-05-25
c6651e175e432ceceec4c2e34c8f403b,147617,4,,"Recibí, la bolsa es diferente, pero me gustó que estaba programado para el 31 de enero, estaba encontrando mucho tiempo porque es para la escuela y estoy esperando el valle de compra de la primera compra de la bolsa que no funcionó.",2018-01-20,2018-01-21
5dac2f4cdacb4bc53bb2b746063ccc3b,186847,4,,,2018-07-06,2018-07-09
19b4862e9952de13d95f480bb053955d,123024,5,,"Recibí el producto que quería y antes de la fecha límite acordada, muy bien, lo recomiendo con seguridad.",2017-09-07,2017-09-08
e22a022a5987718d0dfc6a7d21998726,107399,5,,,2017-05-07,2017-05-12
485d8767d19fdfb75652a75ffcc45955,131108,3,,"En la publicidad se escribe con un mezclador eléctrico y llegó una computadora portátil que tengo tres que se rompieron, así que quería un electricidad, debería especificar mejor los productos.",2017-10-31,2017-11-01
9bc36950d98935efa7fd86dd621167d5,176283,5,,,2018-05-19,2018-05-20
41dc992333f0dc85f5c97036521afca3,122933,5,,,2017-09-14,2017-09-17
89b228124a449c8c70071e67a0908fd9,107636,4,,,2017-05-03,2017-05-04
31ded2a6b13dd99a719388ce501d8c06,147807,5,,Producto entregado antes de la fecha límite acordada. Esta no es la primera vez que estoy comprando el sitio web de Lannister Lojas y recomiendo que una compañía de este tipo sea seriamente trato con los clientes.,2018-01-13,2018-01-14
d6b0a9e1cc2bd827de2f63af37710456,170228,1,Compré 2 productos,¡Compré 2 productos solo enviados 1 y N me dio justificación!,2018-04-27,2018-05-07
3a4b4f159d583123af8a0f5b1f46a436,159895,3,,,2018-03-22,2018-03-22
65847f47e12cd19ee067f5903096cd87,141981,4,,,2018-01-07,2018-01-09
a5d84828a28b11a0b71a01704c0de8ce,150349,4,,,2018-01-27,2018-01-30
e73e80ae479611c5bba51fec8bdee431,145963,4,,Gracias muy bien.,2018-02-03,2018-02-06
8f965d010b3119d9962e091de3425fb9,119953,4,,*******************,2017-08-24,2017-08-28
9f2ba62e9e1e34d06e8ae338c55e9ce6,131109,5,,Como se esperaba,2017-11-01,2017-11-02
fe93af96b03553d5c8ff363f319fc768,144130,5,,,2018-01-05,2018-01-09
835ef8e61187af653eea44d7182d963b,196763,5,,,2018-08-23,2018-08-24
b120b1baae836932650815f88f2ffa0e,164295,5,,Recibí antes de la fecha límite estimada.,2018-04-04,2018-04-05
30f2619843ddd4a19bbcb306669d2bf0,188411,5,Muy bien,Me imaginé que la muñeca era más grande. Más es genial,2018-07-24,2018-07-26
ef53057f3251e89611bcbc665e575765,108040,2,,"Tuve un problema con la entrega, porque no había nadie en casa para recibir los productos en el momento en que pasaron.",2017-06-10,2017-06-10
df59cdf8b28735af3688b44026cbef04,178908,4,,,2018-06-10,2018-06-10
c7a2bc358b0822d856a03847e920fc43,192782,5,,,2018-08-16,2018-08-21
8e5408e78acc81f872afcbcd6e30b45d,103015,5,,"Atento, llamado para hacer seguimiento. Buena fecha de vencimiento. Tomó mucho tiempo llegar. Ahora es verificar la calidad del producto.",2017-03-30,2017-03-30
f885031c3c69455f00e5c411774a65ab,126720,5,,,2017-09-30,2017-10-02
1eca8570e301d2d9ee72698803c6ae41,175396,5,,"Muy eficiente entregado muy rápido, recomiendo",2018-05-10,2018-05-10
ca9e2ad6a3c9afc90a32922f4c0e17e7,152517,5,,,2018-02-17,2018-02-19
7dcd9012da02a79fb7b0eeff1bf4b8d4,129965,3,,Muy hermoso el reloj!,2017-10-24,2017-10-24
5d2cd41b1df04700651690086b13d56b,118946,5,,,2017-08-12,2017-08-12
6ba1766d9c526808f65628f92152e350,167455,5,,Excelente producto y entrega a tiempo,2018-04-19,2018-04-20
55876f941470173bcf4d2013be74d18c,130719,4,,"Llegó antes de la fecha de la fecha límite, ¡pero filtró un poco del producto!",2017-11-04,2017-11-05
f42f813f2bc2db2075e068a430f578da,176058,5,,,2018-05-18,2018-05-21
d4dd711deb7ed69ab30d5e4e8e46ae17,122746,5,,,2017-08-31,2017-09-12
1ce9325e894d299bb2e3ebd32626a6f5,171049,4,,,2018-05-10,2018-05-13
22b9bb612be577d8a77fb9a62e627f08,171555,5,,,2018-05-10,2018-05-11
4be8dd6cec619a0c8984651cfc3a32c2,109007,5,,,2017-05-18,2017-05-19
1ac237a2b9f73bf710a8834f8dac72ae,135784,5,,,2017-12-09,2017-12-11
4be3f739d95775636100f3ce54c53b3d,101886,4,,,2017-02-22,2017-02-23
4a850aacd649ff381cae14910abc1f87,119871,5,,,2017-08-18,2017-08-21
179f7691fefe10e924d8376399ba62a6,171955,5,,,2018-05-06,2018-05-08
1668f8723e4a52078690778e91ef344a,126290,5,,,2017-10-11,2017-10-13
c9e84bd400dc46b4d4c663076dcddb30,169330,4,,,2018-04-21,2018-04-24
2ed1494f9e91342a5db42dac68d47f97,100580,5,,"Cada vez que compro con ustedes mis artículos llegan en perfectas condiciones ...
",2017-01-26,2017-01-27
416618a6ae27f1e81d8394bf3c9b7e84,148596,5,,Producto entregado antes de la fecha límite en excelentes condiciones.,2018-01-27,2018-01-31
02dae59a597c87b10313d8d7191a2dfa,188393,3,Bien,Muy bien.,2018-07-24,2018-07-25
b1dafcdfcddb6feb75222b9c1f2baad3,182979,5,,,2018-06-19,2018-06-20
f8bd5a669a85f79aeb46520970a3fabd,124564,5,,Entrega súper rápida. Producto de gran calidad. Recomiendo.,2017-09-17,2017-09-19
23720c12363414a9c68447d5372f867d,179617,5,,,2018-06-21,2018-06-21
a7a8cf00f69bf0445b011c521456bc2b,173919,5,Ótimo! ,,2018-05-11,2018-05-14
08ee947fb131a0a99cc9c7cb8b111238,114789,5,,"Hermoso producto, genial",2017-07-08,2017-07-09
24cafc3963a07103b4eca00416748caf,134808,5,,,2017-12-10,2017-12-11
e8ea9f03ddc87c3f0a92dee2fbb88d62,102560,3,,,2017-03-24,2017-03-25
0a059e1fd55dd70084cf7f1a01fde7e6,191377,1,,,2018-07-31,2018-08-01
390d3ec71ebfc30fac16c7a8fe933657,194647,5,,,2018-08-17,2018-08-18
5614075d5aa1114b82560046ece86bf5,166847,5,,excelente,2018-04-06,2018-04-09
d51ed05f67b66d49ec9c0d2781068366,121595,3,,"Se espera más, las toallas podrían ser más gruesas.",2017-09-06,2017-09-07
1f0c5d31b49a18cc26e64301f5da849f,157695,4,,Entrega un día antes esperado,2018-03-11,2018-03-14
544f2ad73dffeeba91c790703bc465a0,107705,4,,"Se tarda un tiempo en calentarse, incluso a la máxima potencia 5. pero sirve bien. En los rimadores de uso, tiene un olor a medio rubiante que arde, pero pasa ... Recomiendo la practicidad y el costo/beneficio.",2017-05-06,2017-05-15
8d133cac4bbb82ed43f49f5d32ef5571,143918,5,,,2017-12-28,2017-12-29
575f8ea4f8e6c9f525c2ec2f69f05807,159947,5,,"Fue entregado bien lleno.
Entrega rápida como prometida
Completa la imagen.",2018-03-17,2018-03-18
b482eb7c9229ab4e4127674db75a0a55,133214,5,,,2017-11-18,2017-11-19
1f5aa5d7c3ee7895e4d223797b5a5f2d,108058,5,,Todo sucedió de manera eficiente,2017-05-10,2017-05-12
0090eb2a29946f932f1f7af8cbbcf9c0,129935,5,,El producto llegó antes de la fecha límite y en perfectas condiciones.,2017-10-30,2017-10-30
d1d0314fe4b0de4c64836f67af681083,149959,5,,,2018-01-31,2018-01-31
4b964e53dbfc85277f4316507d7fc15d,186983,5,,,2018-07-10,2018-07-10
6e6dbad466c0eef2b679927dfe89c052,165170,4,,,2018-04-12,2018-04-13
0a354009b25a2fbe0b25a6dd5c2a00ac,162039,5,,,2018-03-16,2018-03-17
affce0d83d9e8f6af570bc097c2e424f,162442,2,,"El producto no corresponde a lo que compré, la película es mucho más pequeña que la pantalla del teléfono y no cubre toda la pantalla.",2018-03-21,2018-03-23
ca5bc3c72f83c6fb95f7f72b290a492c,123782,5,,"Producto como se anunció, y llegó antes de la fecha límite ... perfecta",2017-09-12,2017-09-12
4d59d6249215713bfda42353af53f255,180175,4,Producto entregado,Buen producto y entregado antes de lo esperado.,2018-06-02,2018-06-04
eaeafb542d4447da454cf68e302ae2bf,181788,4,Bien,"Todavía no lo he usado, pero parece ser muy bueno.",2018-06-16,2018-06-17
2282d9d2a99fa789b0eb9843cfeab97e,195611,4,,,2018-08-21,2018-08-22
536c631d5f15eab8260d69b603779f99,161799,1,,El producto fue remitido a la Ciudad del Destino el 31 de marzo y hasta ahora no he recibido.,2018-04-11,2018-04-11
678f7d06016ed2f20072ed190c70fe7e,159497,4,,,2018-03-25,2018-03-31
ee6b5f3a217f7427d73615be68c17146,131197,5,,,2017-10-31,2017-11-03